/*
Navicat MySQL Data Transfer

Source Server         : 47.112.26.69mysql
Source Server Version : 50725
Source Host           : 47.112.26.69:3306
Source Database       : product

Target Server Type    : MYSQL
Target Server Version : 50725
File Encoding         : 65001

Date: 2019-04-04 00:47:10
*/

SET FOREIGN_KEY_CHECKS=0;

-- ----------------------------
-- Table structure for apple_book
-- ----------------------------
DROP TABLE IF EXISTS `apple_book`;
CREATE TABLE `apple_book` (
  `id` int(11) NOT NULL AUTO_INCREMENT,
  `book_code` varchar(255) NOT NULL COMMENT '图书编号',
  `book_name` varchar(100) NOT NULL COMMENT '图书名称',
  `author` varchar(40) DEFAULT NULL COMMENT '作者',
  `publish` varchar(100) DEFAULT NULL COMMENT '出版社',
  `book_type` varchar(4) DEFAULT NULL COMMENT '图书类型',
  `language_classification` varchar(10) DEFAULT NULL COMMENT '语种',
  `industry` varchar(300) DEFAULT NULL COMMENT '所属行业',
  `price` decimal(10,2) DEFAULT NULL COMMENT '价格',
  `publish_time` datetime DEFAULT NULL COMMENT '出版日期',
  `ISBN` varchar(255) DEFAULT NULL COMMENT '标准ISBN',
  `content` longtext COMMENT '内容简介',
  `catalog` longtext COMMENT '目录',
  `state` varchar(4) DEFAULT NULL COMMENT '借阅状态',
  `img` varchar(2000) DEFAULT NULL COMMENT '封面图片',
  PRIMARY KEY (`id`)
) ENGINE=InnoDB AUTO_INCREMENT=100 DEFAULT CHARSET=utf8;

-- ----------------------------
-- Records of apple_book
-- ----------------------------
INSERT INTO `apple_book` VALUES ('1', 'xb-20190113001', '一千零一夜', '李白', '北京大学出版社', '纸质', '中文', '小说', '110.00', '2019-01-13 16:25:07', '2019011310001', null, null, '借阅中', '/static/img/1000.jpg');
INSERT INTO `apple_book` VALUES ('2', 'xb-20190113002', '红楼梦', '李白', '天津大学出版社', '纸质', '中文', '经典文学', '78.88', '2019-01-13 16:25:07', '2019011310002', null, null, '借阅中', '');
INSERT INTO `apple_book` VALUES ('3', 'xb-20190113004', '西游记', '李白', '中国科技出版社', '纸质', '中文', '经典文学', '65.99', '2019-01-13 16:25:07', '2019011310003', null, null, '借阅中', '');
INSERT INTO `apple_book` VALUES ('4', 'xb-20190113005', '东游记', '李白', '中科院出版社', '纸质', '中文', '经典文学', '65.66', '2019-01-13 16:25:07', '2019011310004', null, null, '借阅中', '');
INSERT INTO `apple_book` VALUES ('5', 'xb-20190113006', 'C++程序设计语言', '李白', '华北电力大学出版社', '纸质', '中文', '计算机', '108.00', '2019-01-13 16:25:07', '2019011310005', null, null, '借阅中', '');
INSERT INTO `apple_book` VALUES ('6', 'xb-20190113007', 'JAVA程序设计', '李白', '北邮出版社', '纸质', '中文', '计算机', '1000.00', '2019-01-13 16:25:07', '2019011310006', null, null, '库存中', '');
INSERT INTO `apple_book` VALUES ('7', 'xb-20190113008', '机器学习', '李白', '华电出版社', '纸质', '中文', '计算机', '2000.00', '2019-01-13 16:25:07', '2019011310007', null, null, '借阅中', '');
INSERT INTO `apple_book` VALUES ('8', 'xb-20190113009', '你是风儿我是沙', '李白', '南京大学出版社', '纸质', '中文', '散文', '11.00', '2019-01-13 16:25:07', '2019011310008', null, null, '库存中', '');
INSERT INTO `apple_book` VALUES ('9', 'xb-20190113010', '才尼玛', '李白', '在线科技出版社', '纸质', '中文', '散文', '22.00', '2019-01-13 16:25:07', '2019011310009', null, null, '库存中', '');
INSERT INTO `apple_book` VALUES ('10', 'xb-20190113011', '错误的选择', '李白', '某某出版社', '纸质', '中文', '散文', '34.00', '2019-01-13 16:25:07', '2019011310010', null, null, '库存中', '');
INSERT INTO `apple_book` VALUES ('11', 'xb-20190113012', '成功是失败的母亲', '李白', '湖南大学出版社', '纸质', '中文', '散文', '54.00', '2019-01-13 16:25:07', '2019011310011', null, null, '库存中', '');
INSERT INTO `apple_book` VALUES ('12', 'xb-20190113013', '汗水是怎么形成的', '李白', '天津大学出版社', '纸质', '中文', '散文', '65.00', '2019-01-13 16:25:07', '2019011310012', null, null, '库存中', '');
INSERT INTO `apple_book` VALUES ('13', 'xb-20190113014', '一杯白开水', '李白', '中山大学出版社', '纸质', '中文', '散文', '76.88', '2019-01-13 16:25:07', '2019011310013', null, null, '借阅中', '');
INSERT INTO `apple_book` VALUES ('14', 'xb-20190113015', 'Spring框架', '李白', '电子科技大学出版社', '纸质', '中文', '计算机', '120.00', '2019-01-13 16:25:07', '2019011310014', null, null, '库存中', '');
INSERT INTO `apple_book` VALUES ('15', 'xb-20190113016', 'Mybatis从入门到删库', '李白', '电子科技大学出版社', '纸质', '中文', '计算机', '210.00', '2019-01-13 16:25:07', '2019011310015', null, null, '库存中', '');
INSERT INTO `apple_book` VALUES ('16', 'xb-20190113017', 'Mysql学习之路', '李白', '电子科技大学出版社', '纸质', '中文', '计算机', '78.09', '2019-01-13 16:25:07', '2019011310016', null, null, '借阅中', '');
INSERT INTO `apple_book` VALUES ('17', 'xb-20190113018', '数据库优化设计', '李白', '电子科技大学出版社', '纸质', '中文', '计算机', '77.77', '2019-01-13 16:25:07', '2019011310017', null, null, '借阅中', '');
INSERT INTO `apple_book` VALUES ('18', 'xb-20190113019', 'springboot设计之路', '李白', '华电出版社', '纸质', '英文', '计算机', '88.88', '2019-01-13 16:25:07', '2019011310018', null, null, '借阅中', '');
INSERT INTO `apple_book` VALUES ('19', 'xb-20190113020', 'springcloud微服务', '李白', '清华出版社', '纸质', '中文', '计算机', '99.99', '2019-01-13 16:25:07', '2019011310019', null, null, '库存中', '');
INSERT INTO `apple_book` VALUES ('20', 'xb-20190113021', '天龙八部', '李白', '华清出版社', '纸质', '中文', '小说', '19.00', '2019-01-13 16:25:07', '2019011310020', null, null, '库存中', '');
INSERT INTO `apple_book` VALUES ('21', 'xb-20190113022', '水浒传', '李白', '北京大学出版社', '纸质', '中文', '经典文学', '35.00', '2019-01-13 16:25:07', '2019011310021', null, null, '库存中', '');
INSERT INTO `apple_book` VALUES ('22', 'xb-20190113023', '三国演义', '李白', '清华大学出版社', '纸质', '中文', '经典文学', '65.00', '2019-01-13 16:25:07', '2019011310022', null, null, '借阅中', '');
INSERT INTO `apple_book` VALUES ('23', 'XB-1548580700002', '帘外1548580700002天', '作者1548580700002', '出版社1548580700002', '纸质', '中文', '测试', '23.65', '2019-01-27 17:18:20', '1548580700002', null, null, '库存中', null);
INSERT INTO `apple_book` VALUES ('24', 'XB-1548580705001', '帘外1548580705001天', '作者1548580705001', '出版社1548580705001', '纸质', '中文', '测试', '23.65', '2019-01-27 17:18:25', '1548580705001', null, null, '库存中', null);
INSERT INTO `apple_book` VALUES ('25', 'XB-1548580710001', '帘外1548580710001天', '作者1548580710001', '出版社1548580710001', '纸质', '中文', '测试', '23.65', '2019-01-27 17:18:30', '1548580710001', null, null, '库存中', null);
INSERT INTO `apple_book` VALUES ('26', 'XB-1548580715003', '帘外1548580715003天', '作者1548580715003', '出版社1548580715003', '纸质', '中文', '测试', '23.65', '2019-01-27 17:18:35', '1548580715003', null, null, '库存中', null);
INSERT INTO `apple_book` VALUES ('27', 'XB-1548580720001', '帘外1548580720001天', '作者1548580720001', '出版社1548580720001', '纸质', '中文', '测试', '23.65', '2019-01-27 17:18:40', '1548580720001', null, null, '库存中', null);
INSERT INTO `apple_book` VALUES ('28', 'XB-1548580725002', '帘外1548580725002天', '作者1548580725002', '出版社1548580725002', '纸质', '中文', '测试', '23.65', '2019-01-27 17:18:45', '1548580725002', null, null, '库存中', null);
INSERT INTO `apple_book` VALUES ('29', 'XB-1548580730003', '帘外1548580730003天', '作者1548580730003', '出版社1548580730003', '纸质', '中文', '测试', '23.65', '2019-01-27 17:18:50', '1548580730003', null, null, '库存中', null);
INSERT INTO `apple_book` VALUES ('30', 'XB-1548580750005', '帘外1548580750005天', '作者1548580750005', '出版社1548580750005', '纸质', '中文', '测试', '23.65', '2019-01-27 17:19:10', '1548580750005', null, null, '库存中', null);
INSERT INTO `apple_book` VALUES ('31', 'XB-1548580755006', '帘外1548580755006天', '作者1548580755006', '出版社1548580755006', '纸质', '中文', '测试', '23.65', '2019-01-27 17:19:15', '1548580755006', null, null, '库存中', null);
INSERT INTO `apple_book` VALUES ('32', 'XB-1548580760001', '帘外1548580760001天', '作者1548580760001', '出版社1548580760001', '纸质', '中文', '测试', '23.65', '2019-01-27 17:19:20', '1548580760001', null, null, '库存中', null);
INSERT INTO `apple_book` VALUES ('33', 'XB-1548580765000', '帘外1548580765000天', '作者1548580765000', '出版社1548580765000', '纸质', '中文', '测试', '23.65', '2019-01-27 17:19:25', '1548580765000', null, null, '库存中', null);
INSERT INTO `apple_book` VALUES ('34', 'XB-1548580770005', '帘外1548580770005天', '作者1548580770005', '出版社1548580770005', '纸质', '中文', '测试', '23.65', '2019-01-27 17:19:30', '1548580770005', null, null, '库存中', null);
INSERT INTO `apple_book` VALUES ('35', 'XB-1548580775001', '帘外1548580775001天', '作者1548580775001', '出版社1548580775001', '纸质', '中文', '测试', '23.65', '2019-01-27 17:19:35', '1548580775001', null, null, '库存中', null);
INSERT INTO `apple_book` VALUES ('36', 'XB-1548580780001', '帘外1548580780001天', '作者1548580780001', '出版社1548580780001', '纸质', '中文', '测试', '23.65', '2019-01-27 17:19:40', '1548580780001', null, null, '库存中', null);
INSERT INTO `apple_book` VALUES ('37', 'XB-1548580785004', '帘外1548580785004天', '作者1548580785004', '出版社1548580785004', '纸质', '中文', '测试', '23.65', '2019-01-27 17:19:45', '1548580785004', null, null, '借阅中', null);
INSERT INTO `apple_book` VALUES ('38', 'XB-1548580790001', '帘外1548580790001天', '作者1548580790001', '出版社1548580790001', '纸质', '中文', '测试', '23.65', '2019-01-27 17:19:50', '1548580790001', null, null, '库存中', null);
INSERT INTO `apple_book` VALUES ('39', 'XB-1548580795002', '帘外1548580795002天', '作者1548580795002', '出版社1548580795002', '纸质', '中文', '测试', '23.65', '2019-01-27 17:19:55', '1548580795002', null, null, '库存中', null);
INSERT INTO `apple_book` VALUES ('40', 'XB-1548580800012', '帘外1548580800012天', '作者1548580800012', '出版社1548580800012', '纸质', '中文', '测试', '23.65', '2019-01-27 17:20:00', '1548580800012', null, null, '库存中', null);
INSERT INTO `apple_book` VALUES ('41', 'XB-1548580805001', '帘外1548580805001天', '作者1548580805001', '出版社1548580805001', '纸质', '中文', '测试', '23.65', '2019-01-27 17:20:05', '1548580805001', null, null, '库存中', null);
INSERT INTO `apple_book` VALUES ('42', 'XB-1548580810001', '帘外1548580810001天', '作者1548580810001', '出版社1548580810001', '纸质', '中文', '测试', '23.65', '2019-01-27 17:20:10', '1548580810001', null, null, '库存中', null);
INSERT INTO `apple_book` VALUES ('43', 'XB-1548580815006', '帘外1548580815006天', '作者1548580815006', '出版社1548580815006', '纸质', '中文', '测试', '23.65', '2019-01-27 17:20:15', '1548580815006', null, null, '库存中', null);
INSERT INTO `apple_book` VALUES ('44', 'XB-1548580820001', '帘外1548580820001天', '作者1548580820001', '出版社1548580820001', '纸质', '中文', '测试', '23.65', '2019-01-27 17:20:20', '1548580820001', null, null, '库存中', null);
INSERT INTO `apple_book` VALUES ('45', 'XB-1548580825000', '帘外1548580825000天', '作者1548580825000', '出版社1548580825000', '纸质', '中文', '测试', '23.65', '2019-01-27 17:20:25', '1548580825000', null, null, '库存中', null);
INSERT INTO `apple_book` VALUES ('46', 'XB-1548580830006', '帘外1548580830006天', '作者1548580830006', '出版社1548580830006', '纸质', '中文', '测试', '23.65', '2019-01-27 17:20:30', '1548580830006', null, null, '库存中', null);
INSERT INTO `apple_book` VALUES ('47', 'XB-1548580835001', '帘外1548580835001天', '作者1548580835001', '出版社1548580835001', '纸质', '中文', '测试', '23.65', '2019-01-27 17:20:35', '1548580835001', null, null, '库存中', null);
INSERT INTO `apple_book` VALUES ('48', 'XB-1548580840002', '帘外1548580840002天', '作者1548580840002', '出版社1548580840002', '纸质', '中文', '测试', '23.65', '2019-01-27 17:20:40', '1548580840002', null, null, '库存中', null);
INSERT INTO `apple_book` VALUES ('49', 'XB-1548580845001', '帘外1548580845001天', '作者1548580845001', '出版社1548580845001', '纸质', '中文', '测试', '23.65', '2019-01-27 17:20:45', '1548580845001', null, null, '库存中', null);
INSERT INTO `apple_book` VALUES ('50', 'XB-1548580850000', '帘外1548580850000天', '作者1548580850000', '出版社1548580850000', '纸质', '中文', '测试', '23.65', '2019-01-27 17:20:50', '1548580850000', null, null, '库存中', null);
INSERT INTO `apple_book` VALUES ('51', 'XB-1548580855002', '帘外1548580855002天', '作者1548580855002', '出版社1548580855002', '纸质', '中文', '测试', '23.65', '2019-01-27 17:20:55', '1548580855002', null, null, '库存中', null);
INSERT INTO `apple_book` VALUES ('52', 'XB-1548580860002', '帘外1548580860002天', '作者1548580860002', '出版社1548580860002', '纸质', '中文', '测试', '23.65', '2019-01-27 17:21:00', '1548580860002', null, null, '库存中', null);
INSERT INTO `apple_book` VALUES ('53', 'XB-1548580865001', '帘外1548580865001天', '作者1548580865001', '出版社1548580865001', '纸质', '中文', '测试', '23.65', '2019-01-27 17:21:05', '1548580865001', null, null, '库存中', null);
INSERT INTO `apple_book` VALUES ('54', 'XB-1548580870006', '帘外1548580870006天', '作者1548580870006', '出版社1548580870006', '纸质', '中文', '测试', '23.65', '2019-01-27 17:21:10', '1548580870006', null, null, '库存中', null);
INSERT INTO `apple_book` VALUES ('55', 'XB-1548580875001', '帘外1548580875001天', '作者1548580875001', '出版社1548580875001', '纸质', '中文', '测试', '23.65', '2019-01-27 17:21:15', '1548580875001', null, null, '库存中', null);
INSERT INTO `apple_book` VALUES ('56', 'XB-1548580880002', '帘外1548580880002天', '作者1548580880002', '出版社1548580880002', '纸质', '中文', '测试', '23.65', '2019-01-27 17:21:20', '1548580880002', null, null, '库存中', null);
INSERT INTO `apple_book` VALUES ('57', 'XB-1548580885006', '帘外1548580885006天', '作者1548580885006', '出版社1548580885006', '纸质', '中文', '测试', '23.65', '2019-01-27 17:21:25', '1548580885006', null, null, '库存中', null);
INSERT INTO `apple_book` VALUES ('58', 'XB-1548580890002', '帘外1548580890002天', '作者1548580890002', '出版社1548580890002', '纸质', '中文', '测试', '23.65', '2019-01-27 17:21:30', '1548580890002', null, null, '库存中', null);
INSERT INTO `apple_book` VALUES ('59', 'XB-1548580895001', '帘外1548580895001天', '作者1548580895001', '出版社1548580895001', '纸质', '中文', '测试', '23.65', '2019-01-27 17:21:35', '1548580895001', null, null, '库存中', null);
INSERT INTO `apple_book` VALUES ('60', 'XB-1548580900003', '帘外1548580900003天', '作者1548580900003', '出版社1548580900003', '纸质', '中文', '测试', '23.65', '2019-01-27 17:21:40', '1548580900003', null, null, '库存中', null);
INSERT INTO `apple_book` VALUES ('61', 'XB-1548580905002', '帘外1548580905002天', '作者1548580905002', '出版社1548580905002', '纸质', '中文', '测试', '23.65', '2019-01-27 17:21:45', '1548580905002', null, null, '库存中', null);
INSERT INTO `apple_book` VALUES ('62', 'XB-1548580910001', '帘外1548580910001天', '作者1548580910001', '出版社1548580910001', '纸质', '中文', '测试', '23.65', '2019-01-27 17:21:50', '1548580910001', null, null, '库存中', null);
INSERT INTO `apple_book` VALUES ('63', 'XB-1548580915006', '帘外1548580915006天', '作者1548580915006', '出版社1548580915006', '纸质', '中文', '测试', '23.65', '2019-01-27 17:21:55', '1548580915006', null, null, '库存中', null);
INSERT INTO `apple_book` VALUES ('64', 'XB-1548580920001', '帘外1548580920001天', '作者1548580920001', '出版社1548580920001', '纸质', '中文', '测试', '23.65', '2019-01-27 17:22:00', '1548580920001', null, null, '库存中', null);
INSERT INTO `apple_book` VALUES ('65', 'XB-1548580925001', '帘外1548580925001天', '作者1548580925001', '出版社1548580925001', '纸质', '中文', '测试', '23.65', '2019-01-27 17:22:05', '1548580925001', null, null, '库存中', null);
INSERT INTO `apple_book` VALUES ('66', 'XB-1548580930006', '帘外1548580930006天', '作者1548580930006', '出版社1548580930006', '纸质', '中文', '测试', '23.65', '2019-01-27 17:22:10', '1548580930006', null, null, '库存中', null);
INSERT INTO `apple_book` VALUES ('67', 'XB-1548580935000', '帘外1548580935000天', '作者1548580935000', '出版社1548580935000', '纸质', '中文', '测试', '23.65', '2019-01-27 17:22:15', '1548580935000', null, null, '库存中', null);
INSERT INTO `apple_book` VALUES ('68', 'XB-1548580940001', '帘外1548580940001天', '作者1548580940001', '出版社1548580940001', '纸质', '中文', '测试', '23.65', '2019-01-27 17:22:20', '1548580940001', null, null, '库存中', null);
INSERT INTO `apple_book` VALUES ('69', 'XB-1548580945006', '帘外1548580945006天', '作者1548580945006', '出版社1548580945006', '纸质', '中文', '测试', '23.65', '2019-01-27 17:22:25', '1548580945006', null, null, '库存中', null);
INSERT INTO `apple_book` VALUES ('70', 'XB-1548580950001', '帘外1548580950001天', '作者1548580950001', '出版社1548580950001', '纸质', '中文', '测试', '23.65', '2019-01-27 17:22:30', '1548580950001', null, null, '库存中', null);
INSERT INTO `apple_book` VALUES ('71', 'XB-1548580955001', '帘外1548580955001天', '作者1548580955001', '出版社1548580955001', '纸质', '中文', '测试', '23.65', '2019-01-27 17:22:35', '1548580955001', null, null, '库存中', null);
INSERT INTO `apple_book` VALUES ('72', 'XB-1548580960005', '帘外1548580960005天', '作者1548580960005', '出版社1548580960005', '纸质', '中文', '测试', '23.65', '2019-01-27 17:22:40', '1548580960005', null, null, '库存中', null);
INSERT INTO `apple_book` VALUES ('73', 'XB-1548580965001', '帘外1548580965001天', '作者1548580965001', '出版社1548580965001', '纸质', '中文', '测试', '23.65', '2019-01-27 17:22:45', '1548580965001', null, null, '库存中', null);
INSERT INTO `apple_book` VALUES ('74', 'XB-1548580970002', '帘外1548580970002天', '作者1548580970002', '出版社1548580970002', '纸质', '中文', '测试', '23.65', '2019-01-27 17:22:50', '1548580970002', null, null, '库存中', null);
INSERT INTO `apple_book` VALUES ('75', 'XB-1548580975002', '帘外1548580975002天', '作者1548580975002', '出版社1548580975002', '纸质', '中文', '测试', '23.65', '2019-01-27 17:22:55', '1548580975002', null, null, '库存中', null);
INSERT INTO `apple_book` VALUES ('76', 'XB-1548580980001', '帘外1548580980001天', '作者1548580980001', '出版社1548580980001', '纸质', '中文', '测试', '23.65', '2019-01-27 17:23:00', '1548580980001', null, null, '库存中', null);
INSERT INTO `apple_book` VALUES ('77', 'XB-1548580985001', '帘外1548580985001天', '作者1548580985001', '出版社1548580985001', '纸质', '中文', '测试', '23.65', '2019-01-27 17:23:05', '1548580985001', null, null, '库存中', null);
INSERT INTO `apple_book` VALUES ('78', 'XB-1548580990000', '帘外1548580990000天', '作者1548580990000', '出版社1548580990000', '纸质', '中文', '测试', '23.65', '2019-01-27 17:23:10', '1548580990000', null, null, '库存中', null);
INSERT INTO `apple_book` VALUES ('79', 'XB-1548580995001', '帘外1548580995001天', '作者1548580995001', '出版社1548580995001', '纸质', '中文', '测试', '23.65', '2019-01-27 17:23:15', '1548580995001', null, null, '库存中', null);
INSERT INTO `apple_book` VALUES ('80', 'XB-1548581000002', '帘外1548581000002天', '作者1548581000002', '出版社1548581000002', '纸质', '中文', '测试', '23.65', '2019-01-27 17:23:20', '1548581000002', null, null, '库存中', null);
INSERT INTO `apple_book` VALUES ('81', 'XB-1548581005000', '帘外1548581005000天', '作者1548581005000', '出版社1548581005000', '纸质', '中文', '测试', '23.65', '2019-01-27 17:23:25', '1548581005000', null, null, '库存中', null);
INSERT INTO `apple_book` VALUES ('82', 'XB-1548581010000', '帘外1548581010000天', '作者1548581010000', '出版社1548581010000', '纸质', '中文', '测试', '23.65', '2019-01-27 17:23:30', '1548581010000', null, null, '库存中', null);
INSERT INTO `apple_book` VALUES ('83', 'XB-1548581015006', '帘外1548581015006天', '作者1548581015006', '出版社1548581015006', '纸质', '中文', '测试', '23.65', '2019-01-27 17:23:35', '1548581015006', null, null, '库存中', null);
INSERT INTO `apple_book` VALUES ('84', 'XB-1548581020001', '帘外1548581020001天', '作者1548581020001', '出版社1548581020001', '纸质', '中文', '测试', '23.65', '2019-01-27 17:23:40', '1548581020001', null, null, '库存中', null);
INSERT INTO `apple_book` VALUES ('85', 'XB-1548581025001', '帘外1548581025001天', '作者1548581025001', '出版社1548581025001', '纸质', '中文', '测试', '23.65', '2019-01-27 17:23:45', '1548581025001', null, null, '库存中', null);
INSERT INTO `apple_book` VALUES ('86', 'XB-1548581030005', '帘外1548581030005天', '作者1548581030005', '出版社1548581030005', '纸质', '中文', '测试', '23.65', '2019-01-27 17:23:50', '1548581030005', null, null, '库存中', null);
INSERT INTO `apple_book` VALUES ('87', 'XB-1548581035001', '帘外1548581035001天', '作者1548581035001', '出版社1548581035001', '纸质', '中文', '测试', '23.65', '2019-01-27 17:23:55', '1548581035001', null, null, '库存中', null);
INSERT INTO `apple_book` VALUES ('88', 'XB-1548581040001', '帘外1548581040001天', '作者1548581040001', '出版社1548581040001', '纸质', '中文', '测试', '23.65', '2019-01-27 17:24:00', '1548581040001', null, null, '库存中', null);
INSERT INTO `apple_book` VALUES ('89', 'XB-1548581045004', '帘外1548581045004天', '作者1548581045004', '出版社1548581045004', '纸质', '中文', '测试', '23.65', '2019-01-27 17:24:05', '1548581045004', null, null, '库存中', null);
INSERT INTO `apple_book` VALUES ('90', 'XB-1548581050001', '帘外1548581050001天', '作者1548581050001', '出版社1548581050001', '纸质', '中文', '测试', '23.65', '2019-01-27 17:24:10', '1548581050001', null, null, '库存中', null);
INSERT INTO `apple_book` VALUES ('91', 'XB-1548581055000', '帘外1548581055000天', '作者1548581055000', '出版社1548581055000', '纸质', '中文', '测试', '23.65', '2019-01-27 17:24:15', '1548581055000', null, null, '库存中', null);
INSERT INTO `apple_book` VALUES ('92', 'XB-1548581060004', '帘外1548581060004天', '作者1548581060004', '出版社1548581060004', '纸质', '中文', '测试', '23.65', '2019-01-27 17:24:20', '1548581060004', null, null, '库存中', null);
INSERT INTO `apple_book` VALUES ('93', 'XB-1548581065002', '帘外1548581065002天', '作者1548581065002', '出版社1548581065002', '纸质', '中文', '测试', '23.65', '2019-01-27 17:24:25', '1548581065002', null, null, '库存中', null);
INSERT INTO `apple_book` VALUES ('94', 'SYNC-1554309480355', '微观历史', null, null, '纸质', '中文', '中国文学 历史 ', null, '2019-04-04 00:38:00', '1554309480355', '《微观历史》：1957—1965《微观历史》是中国作家祝伟坡著作的一部历史笔记。作品从个人视角出发，记录了1957年至1965年期间中国大跃进人民公社化运动、整风整社运动、四清运动等建国初期的历史事件。《微观历史》以震撼人心的坦率直播个人命运的进退，用亲身经历的事实投影社会历史的浮沉，堪称一部微观的共和国史。\n《微观历史》作者祝伟坡于1935年出生在河北省魏县，是河北师范大学副教授、中国历史学者。他早年曾研究外国文学，后主要研究中国近现代史，经常在多处报刊发表学术论文和散文，文学代表作有《踏步集》、《微观历史》等。\n新中国建国初期，那是一段怎样的岁月呢？小时候，爷爷奶奶偶尔会给我们讲那个时代的故事；历史课本上，我们也能了解个大概。但是，那段岁月始终如一个蒙着面纱的女子，朦朦胧胧的，瞧不见她的真容。而《微观历史》，却帮助我们轻轻撩起了那层神秘的面纱，再现了那个时期真实的社会风貌。\n《微观历史》以日记的形式，记录了历次运动中的所见所闻、所思所感，带领我们走进那段不平凡的岁月，让我们重温历史，体会当时人们迷茫的心理和曲折坎坷的人生，感受时代脉搏的跳动。这些字字真诚的日记于细微处见证了一个时代的理想、迷失和荒诞，它既是火热年代平民的心灵史，更是时代的活化石。《微观历史》中大量珍贵的历史照片，让我们直击历史场景，让那段岁月的故事如电影般播放在我们的眼前，清清楚楚。\n翻开《微观历史》，阅读珍藏的日记，让我们体味到一个青年的心灵独白。拂去历史的尘埃，《微观历史》再现了一个国家的时代风貌。著名学者单正平说：“这是一个普通知识分子的心路历程。一切都似曾相识，一切都陌生新鲜，一切都惊心动魄，一切都微波细澜。家史即国史，心史即信史。大一统下的破碎人生，最宜用日记也只有用日记做记录。时过境未迁，后生堪镜鉴。”\n《微观历史》真实地为读者们展现了那段不平凡年代的历史，对于年轻一代正确地总结过去、珍惜今天，有着十分积极的意义。\n《微观历史》', '京东商城:http://item.jd.com/11174489.html 当当网:http://product.dangdang.com/product.aspx?product_id=23181422 亚马逊:http://www.amazon.cn/%E5%BE%AE%E8%A7%82%E5%8E%86%E5%8F%B2-1957-1965-%E7%A5%9D%E4%BC%9F%E5%9D%A1/dp/B00B20MZ3M/ref=sr_1_1', '库存中', 'http://apis.juhe.cn/goodbook/img/93b469cf22ef86b40ce84a6c63b95e82.jpg');
INSERT INTO `apple_book` VALUES ('95', 'SYNC-1554309480371', '梦里花落知多少', null, null, '纸质', '中文', '中国文学 散文 ', null, '2019-04-04 00:38:00', '1554309480371', '三毛散文集：《梦里花落知多少》“记得当时年纪小，你爱谈天我爱笑。有一回并肩坐在桃树下，风在树梢鸟在叫。不知怎么睡着了，梦里花落知多少。” 或许大家很熟悉青年作家郭敬明的青春小说《梦里花落知多少》，那么，不知道大家对流浪女作家三毛的著名散文集《梦里花落知多少》了解多少呢？《梦里花落知多少》是中国当代著名作家三毛在丈夫荷西去世后于万分悲痛中创作的散文集，书中的每一字，每一句，都饱含着她对丈夫荷西深深的思念之情……\n《梦里花落知多少》一书中共有23篇文章，记录了三毛在丈夫荷西意外过世后的生活。丈夫荷西的死对三毛来说是一场劫难。与写《撒哈拉的故事》的时候相比，三毛在文学和心情上都与早期大不相同。《撒哈拉的故事》中的文章精彩动人，以清新自然的文笔将单调却有趣的沙漠生活娓娓道来。那时的三毛天真烂漫，那时的荷西阳光痴情，那时的他们俩，就是两个还没长大的孩子。而《梦里花落知多少》中的文章总带着点点哀愁与黯然，说情叙事极其内敛，笔调哀而不伤，一字一句皆诉说着三毛对丈夫荷西的深深的思恋，表达着三毛对人生、对爱情的坚定。\n三毛原名陈懋平，后改为陈平。说起三毛，不禁想起张爱玲。张爱玲从骨子里透出冷意，而三毛的骨子里却是热的，而且三毛骨子里带有流浪的天性，旅行与读书是她人生中的两大爱好，她的足迹遍布世界各地。但她说，流浪一点都不浪漫。对于她来说，流浪是被迫的。可是在她的笔下，我们却从没看到过她的抱怨，因为她总能发掘生活中有趣的一面，这是三毛最可贵的品质。\n荷西曾对三毛说过：“你不死，我不死……要到你很老我也很老，两个人都走不动也扶不动了，穿上干干净净的衣服，一齐躺在床上，闭上眼睛说：好吧，一齐去吧！” 而有人也曾经问三毛：“如果在这世上再有一个很爱你的人，指的是婚姻关系，你会不会答应？”三毛答道：“我有一个很爱的人在我心里，叫荷西。这问题不能说，不可说，不知道。我想百分之九十九点九是不，因为我已经有了。” 可见，三毛和荷西，虽然只有短短六年的相爱相守，可他们之间的感情，是刻骨铭心的……\n翻开三毛的《梦里花落知多少》，让我们静静地品读三毛，品读荷西，品读他和她的爱情、他和她的生活，品读荷西对三毛的痴情，品读三毛对荷西的思恋……\n《梦里花落知多少》', '京东商城:http://item.jd.com/10706808.html 当当网:http://product.dangdang.com/product.aspx?product_id=21127783 亚马逊:http://www.amazon.cn/%E6%A2%A6%E9%87%8C%E8%8A%B1%E8%90%BD%E7%9F%A5%E5%A4%9A%E5%B0%91-%E4%B8%89%E6%AF%9B/dp/B005DRCPVM/ref=sr_1_1', '库存中', 'http://apis.juhe.cn/goodbook/img/98ca508f94ea736aa904708092bc838b.jpg');
INSERT INTO `apple_book` VALUES ('96', 'SYNC-1554309480398', '明朝那些事儿', null, null, '纸质', '中文', '中国文学 历史 小说', null, '2019-04-04 00:38:00', '1554309480398', '当时明月经典著作：《明朝那些事儿》《明朝那些事儿》是中国青年历史学者当时明月创作的一系列连载的历史小说，作品讲述了从1344年到1644年间中国明朝三百年的历史故事。小说以史料为基础，以年代和具体人物为主线，以小说的笔法，从朱元璋出生开始讲起，到崇祯皇帝自缢、明朝灭亡结束，将明朝十七帝、王公权贵和小人物的命运等娓娓道来，进行了全景式的展示与描写。而作品对官场政治、战争、帝王心术等的描写更为突出，着墨更多，也对当时的政治经济制度和人伦道德进行了演绎。《明朝那些事儿》精彩绝伦，引人入胜，掀起了一股明朝热。\n《明朝那些事儿》的作者当年明月，原名石悦，男，于1979年出生在宜昌一个普通的干部家庭里，曾是广东顺德海关的一名公务员，现为中国海关总署缉私警察。他于2006年3月在天涯社区首次发表《明朝那些事儿》，于2009年3月21日连载完毕，现已全部集结成书出版发行，一共7部。当年明月是青年历史学者、畅销书作家，也是明史学会会员，更是心灵历史的开创者。他的代表作《明朝那些事儿》销量已过五百万册，为三十年来最畅销的史学读本。\n《明朝那些事儿》共有七部，第一部从朱元璋的出身开始写起，到永乐大帝夺位的靖难之役结束为止，叙述了明朝最艰苦卓绝的开国过程和永乐夺位、建文失踪的靖难之役……第七部描写了明朝最后一位皇帝崇祯的故事和北方后金势力的崛起。七部历史小说，精彩的演绎了中国明代三百年的历史故事和重要历史人物，吸引了千千万万的读者。\n《明朝那些事儿》是迄今为止唯一全本白话正说明朝大历史。作者当时明月以通俗浅显甚至娱乐化的手法重述、重写历史，引发了一场“感染”者高烧不退的“读史热”。而因这一系列作品的持续畅销，当时明月连续五年荣登“中国作家富豪榜”，成为近几年国内文化界的一大奇观，也引起了不少争议。\n《明朝那些事儿》是一部“好读”的历史，也是一部“老百姓”可以读的历史，能够让大家阅读得畅快淋漓。让我们翻开《明朝那些事儿》，走进中国明朝，去细细体会那些事儿……\n《明朝那些事儿》', '京东商城:http://book.jd.com/11014800.html 当当网:http://product.dangdang.com/product.aspx?product_id=22554517 亚马逊:http://www.amazon.cn/%E6%98%8E%E6%9C%9D%E9%82%A3%E4%BA%9B%E4%BA%8B%E5%84%BF-%E5%BD%93%E5%B9%B4%E6%98%8E%E6%9C%88/dp/B005UIJ4NQ/ref=sr_1_1 苏宁易购:http://www.suning.com/emall/prd_10052_22001_-7_1382710_.html', '库存中', 'http://apis.juhe.cn/goodbook/img/485e07a3ae0fc5de931b439881a4b013.jpg');
INSERT INTO `apple_book` VALUES ('97', 'SYNC-1554309480418', '于丹：重温最美古诗词', null, null, '纸质', '中文', '中国文学 散文 ', null, '2019-04-04 00:38:00', '1554309480418', '《于丹：重温最美古诗词》中国古典文化博大精深、源远流长，特别是古典诗词，堪称中华古典文学的瑰宝。作为一个中国人，诗歌陪伴着我们逐渐成长。小时候，牙牙学语的我们就会摇头晃脑、一本正经地背诵着李白的“床前明月光，疑是地上霜”了；长大一点，我们就在“小荷才露尖尖角”的诗歌中无忧无虑地度过了美好的童年时光；长大后，我们开始在爱情的道路上深情吟唱“春蚕到死丝方尽，蜡炬成灰泪始干”，在忙碌的工作中追求“采菊东篱下，悠然见南山”的悠然……也许到岁月在我们的脸上刻上深深的皱纹的时候，我们依然会在“流光容易把人抛，红了樱桃，绿了芭蕉”的诗歌中感叹这似水的年华……林语堂说：“诗歌是中国人的宗教。” 小编觉得，这个比喻还是蛮贴切的。\n《于丹：重温最美古诗词》是于丹老师以17年古诗词教学积淀厚积薄发而成的文学著作。于丹老师回归古典文学专业，重温最美古诗词，回归自在大人生，让传统文化的精髓进一步走近大众，走近当下中国人的精神世界。作品中，于丹老师以其独特的人文风格对中国古诗词意象、风骨、内涵、感悟进行了一系列的鉴赏解读，文字清新优美、通俗易懂又妙语连珠，很能激起读者的共鸣。\n《于丹：重温最美古诗词》作者于丹，著名文化学者，是北京师范大学教授和博士生导师，更是中国传统文化的研究者和传播者。于丹老师曾在中央电视台《百家讲坛》、《文化视点》等栏目进行系列讲座，掀起学习经典的热潮，在海内外文化界、教育界均产生了广泛的影响。\n于丹老师说：“我一直深深地相信，每一个中国人生命的深处都蛰伏着诗意，也许人的年岁越长越需要这样一种温暖，需要我们生命年华中的浪漫，让我们从现实的纠葛中拥有一种挣脱地心引力的力量。”所以，《于丹：重温最美古诗词》一书就让我们重温中国传统文学和古典哲学的精髓所在，找回心灵深处的宁静之美。\n“寻常日子一旦有趣，就变得兴味盎然；寻常日子一旦有心，身边处处都是田园。” 不同于安意如的小家碧玉，于丹时而温婉、时而豪放，将“春风飞扬，秋思浩荡，明月千古，斜阳晚钟，田园林泉，登临况味，剑啸长虹，诗酒流连”等解读得淋漓尽致，深入人心，让人沉醉其中，流连忘返……\n《于丹：重温最美古诗词》', '京东商城:http://book.jd.com/10913523.html 当当网:http://product.dangdang.com/product.aspx?product_id=22742915 亚马逊:http://www.amazon.cn/%E4%BA%8E%E4%B8%B9-%E9%87%8D%E6%B8%A9%E6%9C%80%E7%BE%8E%E5%8F%A4%E8%AF%97%E8%AF%8D-%E4%BA%8E%E4%B8%B9/dp/B006Z51Q4I/ref=sr_1_1?ie=UTF8&amp;qid=1367548030&amp;sr=8-1&amp;keywords=%E3%80%8A%E4%BA%8E%E4%B8%B9%EF%BC%9A%E9%87%8D%E6%B8%A9%E6%9C%80%E7%BE%8E%E5%8F%A4%E8%AF%97%E8%AF%8D%E3%80%8B 苏宁易购:http://www.suning.com/emall/prd_10052_22001_-7_1649112_.html', '库存中', 'http://apis.juhe.cn/goodbook/img/8a0ee76f52d0cf7f28d0eb767946e343.jpg');
INSERT INTO `apple_book` VALUES ('98', 'SYNC-1554309480439', '许三观卖血记', null, null, '纸质', '中文', '中国文学 小说 ', null, '2019-04-04 00:38:00', '1554309480439', '余华巨著：《许三观卖血记》《许三观卖血记》是中国当代著名作家余华于1995年创作的一部长篇小说。作品以博大的温情描绘了磨难中的人生，以激烈的故事形式表达了人在面对厄运时求生的欲望。小说中的人生充满了苦难和痛苦，却渗透了一种契诃夫式的悲悯情绪，令读者一唱三叹、回味无穷。\n《许三观卖血记》是一部精妙绝伦的小说，是朴实简洁和内涵意蕴深远的完美结合。作者余华，于1960年出生在浙江杭州，后迁居浙江海盐，现定居浙江杭州。在其青春成长期间，学习了一回鲁迅先生，弃医从文。从文后先后发表了很多作品，被翻译为多种文字，畅销国内外，对社会的影响颇深，因此也获得了许许多多的奖项，享誉中外。其文学代表作有《活着》、《许三观卖血记》、《在细雨中呼喊》、《兄弟》等等。\n《许三观卖血记》一书中的故事发生在中国解放初的五六十年代，主人公许三观是一个有着好奇心和责任心的青年，为了生活，他拼命工作，但依然无法保证生活。于是，他就去卖血，靠着卖血，他渡过了人生的一个个难关，也一次次战胜了命运强加给他的惊涛骇浪。后来，他老了，无法卖血了，他坐着哭了，感觉人生走到了尽头……\n在这部感人肺腑的小说里，没有绚烂的情节，有的只是一个简单的民间故事：一个中国家庭忍受贫穷、饥荒以及随后的文化大革命……虽然小说充满了辛酸，却也不乏幽默之处，这充分展现了余华令人惊悚而滑稽的写作风格。\n作者余华说：“这本书其实是一首很长的民歌，它的节奏是回忆的速度，旋律温和地跳跃着，休止符被韵脚隐藏了起来。” 让我们轻轻吟唱起这首民歌，走进这部颇具形式美感的文学作品，去体会中国近代贫苦老百姓们的苦难人生……\n《许三观卖血记》', '京东商城:http://book.jd.com/11139510.html 亚马逊:http://www.amazon.cn/%E8%AE%B8%E4%B8%89%E8%A7%82%E5%8D%96%E8%A1%80%E8%AE%B0-%E4%BD%99%E5%8D%8E/dp/B004TJN5DW/ref=sr_1_2', '库存中', 'http://apis.juhe.cn/goodbook/img/3d9a8dd4affd3930ddfb3e056889a56c.jpg');
INSERT INTO `apple_book` VALUES ('99', 'SYNC-1554309480458', '世间所有相遇都是久别重逢', null, null, '纸质', '中文', '中国文学 散文 ', null, '2019-04-04 00:38:00', '1554309480458', '《世间所有相遇都是久别重逢》“如何让你遇见我？在我最美丽的时刻。 为这，我已在佛前，求了五百年，求它让我们结一段尘缘……” 一直以来都很喜欢这首诗，席慕容的《一棵开花的树》，每一次轻声念道，心灵都会微微地被触动，升起一股说不出道不明的莫名情绪……佛说，前世五百年的回眸，才换来今生的擦肩而过。亦有“百年修得同船渡，千年修得共枕眠”一说。前世今生，百转千回，原来世间所有相遇都是久别重逢。或许，五百年前，我就是默默站立在你身旁的那棵树……\n《世间所有相遇都是久别重逢》是享有“落梅风骨，秋水文章”之称的中国作家白落梅以最唯美的文字解读史上最经典的佛诗佛词的一部散文随笔。作品以以禅为经，以诗为纬，编织出一幅最为清新亮丽的画面。白落梅以诗悟禅，以禅入诗，将淡雅之味、悠长之韵、深刻之理、通俗之句皆描绘得淋漓尽致，禅机顿显、诗意盎然，好不惬意。\n“文字清淡，心似兰草”的白落梅，原名胥智慧，是一个凌霜傲雪、拣尽梅枝的女子。她的文学作品常见于《读者》等杂志，其散文在CCTV3《电视诗歌散文》栏目中已播出近40篇，出版的代表作有《恍若梦中一相逢》、《烟月不知人事改》、《在最深的红尘里重逢——仓央嘉措诗传》、《你若安好便是晴天：林徽因传》、《西风多少恨 吹不散眉弯》、《你是锦瑟 我为流年》等等。\n在《世间所有相遇都是久别重逢》一书中，隐世才女白落梅以禅意写红尘，以佛法道人生，文字空灵婉约、淡雅脱尘，极富禅意，具有超凡脱俗直指人心的韵味。“我是这样的无意，在一扇半开半掩的轩窗下，让禅意的文字，盛开在许多个宁静的夜里。不是为了给某个故事，埋下深沉的伏笔，只为了在众生的心底，栽种一株菩提。请相信，世间所有相遇，都是久别重逢。也许我是你前世一直无法破解的棋局，你是我今生永远不能猜透的谜底。”……\n一念起，万水千山皆有情；一念灭，沧海桑田已无心。佛说，缘深则聚，缘浅则分，万法随缘，不求则不苦。所以遇见所有遇见的，拥有可以拥有的，忘记需要忘记的，才能换来岁月静好，现世安稳。\n因为《世间所有相遇都是久别重逢》 ，所以让我们跟随白落梅的脚步，在那亦禅亦诗、颇具灵性的文字中，去追溯诗缘词梦，去寻找那一次次久别重逢……\n《世间所有相遇都是久别重逢》', '京东商城:http://book.jd.com/10379459.html 当当网:http://product.dangdang.com/product.aspx?product_id=21018087 亚马逊:http://www.amazon.cn/dp/B004HEXD18 苏宁易购:http://www.suning.com/emall/prd_10052_22001_-7_860946_.html', '库存中', 'http://apis.juhe.cn/goodbook/img/cb3236e4798011682d3d4bff1e575f21.jpg');

-- ----------------------------
-- Table structure for apple_borrow
-- ----------------------------
DROP TABLE IF EXISTS `apple_borrow`;
CREATE TABLE `apple_borrow` (
  `id` int(11) NOT NULL AUTO_INCREMENT,
  `book_id` int(11) NOT NULL COMMENT '图书ID',
  `user_id` int(11) NOT NULL COMMENT '用户ID',
  `borrow_time` datetime NOT NULL COMMENT '借阅时间',
  `return_time` datetime DEFAULT NULL COMMENT '实际归还时间',
  `depart_return_time` datetime NOT NULL COMMENT '计划归还时间',
  `operator` varchar(10) DEFAULT NULL COMMENT '操作人',
  `operator_time` datetime DEFAULT NULL COMMENT '操作时间',
  PRIMARY KEY (`id`),
  KEY `borrow_book_id` (`book_id`),
  KEY `borrow_user_id` (`user_id`),
  CONSTRAINT `apple_borrow_ibfk_1` FOREIGN KEY (`book_id`) REFERENCES `apple_book` (`id`),
  CONSTRAINT `apple_borrow_ibfk_2` FOREIGN KEY (`user_id`) REFERENCES `sys_user` (`id`)
) ENGINE=InnoDB AUTO_INCREMENT=17 DEFAULT CHARSET=utf8;

-- ----------------------------
-- Records of apple_borrow
-- ----------------------------
INSERT INTO `apple_borrow` VALUES ('1', '1', '208', '2019-01-07 23:05:01', '2019-02-10 18:35:37', '2019-02-06 23:05:01', '钟勇军', '2019-01-27 23:05:01');
INSERT INTO `apple_borrow` VALUES ('2', '2', '208', '2019-01-12 23:07:43', null, '2019-02-11 23:07:46', '钟勇军', '2019-01-27 23:07:45');
INSERT INTO `apple_borrow` VALUES ('3', '3', '208', '2019-01-27 23:09:59', null, '2019-02-10 23:09:59', '钟勇军', '2019-01-27 23:09:59');
INSERT INTO `apple_borrow` VALUES ('4', '4', '208', '2019-01-28 20:14:03', null, '2019-02-27 20:14:03', '钟勇军', '2019-01-28 20:14:03');
INSERT INTO `apple_borrow` VALUES ('5', '5', '208', '2019-02-10 18:45:05', null, '2019-03-12 18:45:04', '钟勇军', '2019-02-10 18:45:05');
INSERT INTO `apple_borrow` VALUES ('6', '1', '208', '2019-02-10 18:45:47', null, '2019-03-12 18:45:46', '钟勇军', '2019-02-10 18:45:47');
INSERT INTO `apple_borrow` VALUES ('7', '6', '206', '2019-02-10 18:52:55', '2019-02-10 23:35:08', '2019-03-12 18:52:55', '钟巧丽', '2019-02-10 18:52:55');
INSERT INTO `apple_borrow` VALUES ('8', '7', '206', '2019-02-10 18:52:56', null, '2019-03-12 18:52:56', '钟巧丽', '2019-02-10 18:52:56');
INSERT INTO `apple_borrow` VALUES ('9', '24', '209', '2019-02-11 00:06:19', '2019-02-11 00:07:54', '2019-03-13 00:06:18', '秦建平', '2019-02-11 00:06:19');
INSERT INTO `apple_borrow` VALUES ('10', '22', '209', '2019-02-11 00:06:23', null, '2019-03-13 00:06:22', '秦建平', '2019-02-11 00:06:23');
INSERT INTO `apple_borrow` VALUES ('11', '18', '209', '2019-02-11 00:06:30', null, '2019-03-13 00:06:29', '秦建平', '2019-02-11 00:06:30');
INSERT INTO `apple_borrow` VALUES ('12', '16', '209', '2019-02-11 00:06:32', null, '2019-03-13 00:06:32', '秦建平', '2019-02-11 00:06:32');
INSERT INTO `apple_borrow` VALUES ('13', '17', '209', '2019-02-11 00:06:33', null, '2019-03-13 00:06:33', '秦建平', '2019-02-11 00:06:33');
INSERT INTO `apple_borrow` VALUES ('14', '6', '1', '2019-03-29 10:11:30', '2019-03-29 13:49:54', '2019-04-28 10:11:29', 'admin', '2019-03-29 10:11:30');
INSERT INTO `apple_borrow` VALUES ('15', '13', '1', '2019-03-29 15:19:03', null, '2019-04-28 15:19:03', 'admin', '2019-03-29 15:19:03');
INSERT INTO `apple_borrow` VALUES ('16', '37', '1', '2019-03-29 15:19:09', null, '2019-04-28 15:19:09', 'admin', '2019-03-29 15:19:09');

-- ----------------------------
-- Table structure for bsc_dic_code_item
-- ----------------------------
DROP TABLE IF EXISTS `bsc_dic_code_item`;
CREATE TABLE `bsc_dic_code_item` (
  `ID` int(50) NOT NULL AUTO_INCREMENT,
  `TYPE_ID` int(50) NOT NULL COMMENT '类型ID',
  `ITEM_CODE` varchar(500) NOT NULL COMMENT '编号',
  `ITEM_NAME` varchar(500) DEFAULT NULL COMMENT '字典名称',
  `IS_ACTIVE` char(1) DEFAULT '0' COMMENT '是否激活',
  `SORT_NO` int(126) DEFAULT NULL COMMENT '排序号',
  `ITEM_MEMO` varchar(200) DEFAULT NULL COMMENT '备注',
  PRIMARY KEY (`ID`)
) ENGINE=InnoDB AUTO_INCREMENT=28 DEFAULT CHARSET=utf8;

-- ----------------------------
-- Records of bsc_dic_code_item
-- ----------------------------
INSERT INTO `bsc_dic_code_item` VALUES ('2', '1', '0', '男', '0', '2', '男');
INSERT INTO `bsc_dic_code_item` VALUES ('3', '1', '1', '女', '0', '3', '女');
INSERT INTO `bsc_dic_code_item` VALUES ('4', '2', '0', '是', '0', null, '');
INSERT INTO `bsc_dic_code_item` VALUES ('5', '2', '1', '否', '0', '2', '');
INSERT INTO `bsc_dic_code_item` VALUES ('7', '14', '0', '显示', '0', null, '');
INSERT INTO `bsc_dic_code_item` VALUES ('8', '9', '0', '启用', '0', null, '');
INSERT INTO `bsc_dic_code_item` VALUES ('9', '9', '1', '停用', '0', null, '');
INSERT INTO `bsc_dic_code_item` VALUES ('10', '14', '1', '隐藏', '0', null, '');
INSERT INTO `bsc_dic_code_item` VALUES ('11', '15', 'menu', '菜单', '0', null, '');
INSERT INTO `bsc_dic_code_item` VALUES ('12', '15', 'button', '按钮', '0', null, '');
INSERT INTO `bsc_dic_code_item` VALUES ('13', '15', 'api', '接口', '0', null, '');
INSERT INTO `bsc_dic_code_item` VALUES ('14', '17', 'sys', '系统用户', '0', null, '');
INSERT INTO `bsc_dic_code_item` VALUES ('15', '17', 'bus', '业务用户', '0', null, '');
INSERT INTO `bsc_dic_code_item` VALUES ('16', '18', 'sheshouzuo', '射手座', '0', '9', '11月23日 - 12月21日');
INSERT INTO `bsc_dic_code_item` VALUES ('17', '18', 'baiyangzuo', '白羊座', '0', '1', '3月21日 - 4月20日');
INSERT INTO `bsc_dic_code_item` VALUES ('18', '18', 'jinniuzuo', '金牛座', '0', '2', '4月21日 - 5月21日');
INSERT INTO `bsc_dic_code_item` VALUES ('19', '18', 'shuangzizuo', '双子座', '0', '3', '5月22日 - 6月21日');
INSERT INTO `bsc_dic_code_item` VALUES ('20', '18', 'juxiezuo', '巨蟹座', '0', '4', '6月22日 - 7月22日');
INSERT INTO `bsc_dic_code_item` VALUES ('21', '18', 'sizizuo', '狮子座', '0', '5', '7月23日 - 8月23日');
INSERT INTO `bsc_dic_code_item` VALUES ('22', '18', 'chunvzuo', '处女座', '0', '6', '8月24日 - 9月23日');
INSERT INTO `bsc_dic_code_item` VALUES ('23', '18', 'tianchengzuo', '天秤座', '0', '7', '9月24日 - 10月23日 ');
INSERT INTO `bsc_dic_code_item` VALUES ('24', '18', 'tianxiezuo', '天蝎座', '0', '8', '10月24日 - 11月22日');
INSERT INTO `bsc_dic_code_item` VALUES ('25', '18', 'mojiezuo', '摩羯座', '0', '10', '12月22日 - 1月20日');
INSERT INTO `bsc_dic_code_item` VALUES ('26', '18', 'shuipinzuo', '水瓶座', '0', '11', '1月21日 - 2月19日');
INSERT INTO `bsc_dic_code_item` VALUES ('27', '18', 'shuangyuzuo', '双鱼座', '0', '12', '2月20日 - 3月20日');

-- ----------------------------
-- Table structure for bsc_dic_code_type
-- ----------------------------
DROP TABLE IF EXISTS `bsc_dic_code_type`;
CREATE TABLE `bsc_dic_code_type` (
  `id` int(50) NOT NULL AUTO_INCREMENT,
  `TYPE_CODE` varchar(50) DEFAULT NULL COMMENT '编码',
  `TYPE_NAME` varchar(100) DEFAULT NULL COMMENT '名称',
  `IS_ACTIVE` char(1) DEFAULT '0' COMMENT '是否激活',
  `TYPE_MEMO` varchar(200) DEFAULT NULL COMMENT '备注',
  `CREATE_TIME` datetime DEFAULT CURRENT_TIMESTAMP COMMENT '创建时间',
  PRIMARY KEY (`id`)
) ENGINE=InnoDB AUTO_INCREMENT=19 DEFAULT CHARSET=utf8;

-- ----------------------------
-- Records of bsc_dic_code_type
-- ----------------------------
INSERT INTO `bsc_dic_code_type` VALUES ('1', 'SEX', '性别', '0', null, '2018-12-17 20:04:58');
INSERT INTO `bsc_dic_code_type` VALUES ('2', 'IS_ACTIVE', '是否激活', '0', '是否激活', '2018-12-17 20:05:01');
INSERT INTO `bsc_dic_code_type` VALUES ('9', 'STATUS', '状态', '0', '', '2018-12-17 20:05:04');
INSERT INTO `bsc_dic_code_type` VALUES ('14', 'IS_SHOW', '是否显示', '0', '', '2018-12-17 20:05:07');
INSERT INTO `bsc_dic_code_type` VALUES ('15', 'MENU_TYPE', '菜单类型', '0', '', '2018-12-17 20:05:09');
INSERT INTO `bsc_dic_code_type` VALUES ('17', 'USER_TYPE', '用户类型', '0', '', '2018-12-17 20:05:12');
INSERT INTO `bsc_dic_code_type` VALUES ('18', 'CONSTELLATION', '星座', '0', '', '2019-02-10 14:49:22');

-- ----------------------------
-- Table structure for schedule_job_log
-- ----------------------------
DROP TABLE IF EXISTS `schedule_job_log`;
CREATE TABLE `schedule_job_log` (
  `id` bigint(20) NOT NULL AUTO_INCREMENT COMMENT '任务日志id',
  `job_id` bigint(20) NOT NULL COMMENT '任务id',
  `bean_name` varchar(200) DEFAULT NULL COMMENT 'spring bean名称',
  `method_name` varchar(100) DEFAULT NULL COMMENT '方法名',
  `params` varchar(2000) DEFAULT NULL COMMENT '参数',
  `status` tinyint(4) NOT NULL COMMENT '任务状态    0：成功    1：失败',
  `error` varchar(2000) DEFAULT NULL COMMENT '失败信息',
  `times` int(11) NOT NULL COMMENT '耗时(单位：毫秒)',
  `create_time` datetime DEFAULT NULL COMMENT '创建时间',
  PRIMARY KEY (`id`),
  KEY `job_id` (`job_id`)
) ENGINE=InnoDB DEFAULT CHARSET=utf8 COMMENT='定时任务日志';

-- ----------------------------
-- Records of schedule_job_log
-- ----------------------------

-- ----------------------------
-- Table structure for sys_cron_task
-- ----------------------------
DROP TABLE IF EXISTS `sys_cron_task`;
CREATE TABLE `sys_cron_task` (
  `id` int(11) NOT NULL AUTO_INCREMENT,
  `cron_expression` varchar(255) DEFAULT NULL,
  `demo` varchar(255) DEFAULT NULL,
  `task_name` varchar(255) DEFAULT NULL,
  PRIMARY KEY (`id`)
) ENGINE=InnoDB DEFAULT CHARSET=utf8;

-- ----------------------------
-- Records of sys_cron_task
-- ----------------------------

-- ----------------------------
-- Table structure for sys_deal_log
-- ----------------------------
DROP TABLE IF EXISTS `sys_deal_log`;
CREATE TABLE `sys_deal_log` (
  `id` bigint(20) NOT NULL AUTO_INCREMENT,
  `username` varchar(50) DEFAULT NULL COMMENT '用户名',
  `operation` varchar(50) DEFAULT NULL COMMENT '用户操作',
  `method` varchar(200) DEFAULT NULL COMMENT '请求方法',
  `params` varchar(5000) DEFAULT NULL COMMENT '请求参数',
  `time` bigint(20) NOT NULL COMMENT '执行时长(毫秒)',
  `ip` varchar(64) DEFAULT NULL COMMENT 'IP地址',
  `create_date` datetime DEFAULT NULL COMMENT '创建时间',
  PRIMARY KEY (`id`)
) ENGINE=InnoDB AUTO_INCREMENT=219 DEFAULT CHARSET=utf8 COMMENT='系统日志';

-- ----------------------------
-- Records of sys_deal_log
-- ----------------------------
INSERT INTO `sys_deal_log` VALUES ('8', '秦建平', '用户登录', 'com.example.demo.modules.sys.controller.LoginController.toLogin()', '{\"username\":\"秦建平\",\"password\":\"123456\",\"status\":0,\"page\":1,\"rows\":10}', '85', '127.0.0.1', '2019-02-11 23:19:23');
INSERT INTO `sys_deal_log` VALUES ('9', '秦建平', '用户登录', 'com.example.demo.modules.sys.controller.LoginController.toLogin()', '{\"username\":\"秦建平\",\"password\":\"123456444\",\"status\":0,\"page\":1,\"rows\":10}', '33', '127.0.0.1', '2019-02-11 23:20:18');
INSERT INTO `sys_deal_log` VALUES ('10', '秦建平', '用户登录', 'com.example.demo.modules.sys.controller.LoginController.toLogin()', '{\"username\":\"秦建平\",\"password\":\"123456\",\"status\":0,\"page\":1,\"rows\":10}', '53', '127.0.0.1', '2019-02-11 23:20:39');
INSERT INTO `sys_deal_log` VALUES ('11', '钟巧丽', '用户登录', 'com.example.demo.modules.sys.controller.LoginController.toLogin()', '{\"username\":\"钟巧丽\",\"password\":\"123456\",\"status\":0,\"page\":1,\"rows\":10}', '40', '127.0.0.1', '2019-02-11 23:20:47');
INSERT INTO `sys_deal_log` VALUES ('12', '钟巧丽', '用户登录', 'com.example.demo.modules.sys.controller.LoginController.toLogin()', '{\"username\":\"钟巧丽\",\"password\":\"123456\",\"status\":0,\"page\":1,\"rows\":10}', '117', '127.0.0.1', '2019-02-12 14:04:54');
INSERT INTO `sys_deal_log` VALUES ('13', '钟巧丽', '用户登录', 'com.example.demo.modules.sys.controller.LoginController.toLogin()', '{\"username\":\"钟巧丽\",\"password\":\"123456\",\"status\":0,\"page\":1,\"rows\":10}', '93', '127.0.0.1', '2019-02-12 15:03:23');
INSERT INTO `sys_deal_log` VALUES ('14', '钟巧丽', '用户登录', 'com.example.demo.modules.sys.controller.LoginController.toLogin()', '{\"username\":\"钟巧丽\",\"password\":\"123456\",\"status\":0,\"page\":1,\"rows\":10}', '34', '127.0.0.1', '2019-02-12 15:07:58');
INSERT INTO `sys_deal_log` VALUES ('15', '钟巧丽', '用户登录', 'com.example.demo.modules.sys.controller.LoginController.toLogin()', '{\"username\":\"钟巧丽\",\"password\":\"123456\",\"status\":0,\"page\":1,\"rows\":10}', '139', '127.0.0.1', '2019-02-12 15:25:41');
INSERT INTO `sys_deal_log` VALUES ('16', '钟巧丽', '保存角色', 'com.example.demo.modules.sys.controller.RoleController.saveOrUpdate()', '{\"id\":7,\"roleName\":\"股民\",\"remark\":\"股民\",\"status\":0,\"page\":1,\"rows\":10}', '31', '127.0.0.1', '2019-02-12 15:25:53');
INSERT INTO `sys_deal_log` VALUES ('17', '钟勇军', '用户登录', 'com.example.demo.modules.sys.controller.LoginController.toLogin()', '{\"username\":\"钟勇军\",\"password\":\"123456\",\"status\":0,\"page\":1,\"rows\":10}', '41', '127.0.0.1', '2019-02-12 15:44:00');
INSERT INTO `sys_deal_log` VALUES ('18', '张勇兵', '用户登录', 'com.example.demo.modules.sys.controller.LoginController.toLogin()', '{\"username\":\"张勇兵\",\"password\":\"123456\",\"status\":0,\"page\":1,\"rows\":10}', '30', '127.0.0.1', '2019-02-12 15:44:06');
INSERT INTO `sys_deal_log` VALUES ('19', '秦建平', '用户登录', 'com.example.demo.modules.sys.controller.LoginController.toLogin()', '{\"username\":\"秦建平\",\"password\":\"123456\",\"status\":0,\"page\":1,\"rows\":10}', '29', '127.0.0.1', '2019-02-12 15:44:42');
INSERT INTO `sys_deal_log` VALUES ('20', '秦建平', '用户登录', 'com.example.demo.modules.sys.controller.LoginController.toLogin()', '{\"username\":\"秦建平\",\"password\":\"123456\",\"status\":0,\"page\":1,\"rows\":10}', '44', '127.0.0.1', '2019-02-12 15:46:46');
INSERT INTO `sys_deal_log` VALUES ('21', '秦建平', '用户登录', 'com.example.demo.modules.sys.controller.LoginController.toLogin()', '{\"username\":\"秦建平\",\"password\":\"123456\",\"status\":0,\"page\":1,\"rows\":10}', '90', '127.0.0.1', '2019-02-12 15:47:17');
INSERT INTO `sys_deal_log` VALUES ('22', '秦建平', '保存菜单权限', 'com.example.demo.modules.sys.controller.MenuController.saveMenuPermission()', '2', '484', '127.0.0.1', '2019-02-12 15:50:13');
INSERT INTO `sys_deal_log` VALUES ('23', '张勇兵33', '用户登录', 'com.example.demo.modules.sys.controller.LoginController.toLogin()', '{\"username\":\"张勇兵33\",\"password\":\"123456\",\"status\":0,\"page\":1,\"rows\":10}', '45', '127.0.0.1', '2019-02-12 15:50:38');
INSERT INTO `sys_deal_log` VALUES ('24', '张勇兵33', '新增或修改菜单', 'com.example.demo.modules.sys.controller.MenuController.saveOrUpdate()', '{\"id\":1002015,\"icon\":\"glyphicon glyphicon-dashboard\",\"menuName\":\"服务监控\",\"url\":\"/monitor/server\",\"parentId\":1002014,\"isShow\":0,\"menuType\":\"api\",\"page\":1,\"rows\":10}', '95', '127.0.0.1', '2019-02-12 15:53:57');
INSERT INTO `sys_deal_log` VALUES ('25', '张勇兵33', '用户登录', 'com.example.demo.modules.sys.controller.LoginController.toLogin()', '{\"username\":\"张勇兵33\",\"password\":\"123456\",\"status\":0,\"page\":1,\"rows\":10}', '124', '127.0.0.1', '2019-02-12 16:01:08');
INSERT INTO `sys_deal_log` VALUES ('26', 'admin', '用户登录', 'com.example.demo.modules.sys.controller.LoginController.toLogin()', '{\"username\":\"admin\",\"password\":\"123456\",\"status\":0,\"page\":1,\"rows\":10}', '122', '127.0.0.1', '2019-02-12 16:19:10');
INSERT INTO `sys_deal_log` VALUES ('27', 'admin', '用户登录', 'com.example.demo.modules.sys.controller.LoginController.toLogin()', '{\"username\":\"admin\",\"password\":\"123456\",\"status\":0,\"page\":1,\"rows\":10}', '74', '127.0.0.1', '2019-02-12 16:21:35');
INSERT INTO `sys_deal_log` VALUES ('28', 'admin', '用户登录', 'com.example.demo.modules.sys.controller.LoginController.toLogin()', '{\"username\":\"admin\",\"password\":\"123456\",\"status\":0,\"page\":1,\"rows\":10}', '75', '127.0.0.1', '2019-02-12 16:22:53');
INSERT INTO `sys_deal_log` VALUES ('29', 'admin', '批量删除用户', 'com.example.demo.modules.sys.controller.UserController.batchDelete()', '[9,10,11,12,187,188,189,190,191]', '170', '127.0.0.1', '2019-02-12 16:25:26');
INSERT INTO `sys_deal_log` VALUES ('30', 'admin', '批量删除用户', 'com.example.demo.modules.sys.controller.UserController.batchDelete()', '[192,193,194,195,196,197,198,199,200]', '177', '127.0.0.1', '2019-02-12 16:25:30');
INSERT INTO `sys_deal_log` VALUES ('31', 'admin', '批量删除用户', 'com.example.demo.modules.sys.controller.UserController.batchDelete()', '[201,202,203,204,205,206,207,208,209]', '192', '127.0.0.1', '2019-02-12 16:25:34');
INSERT INTO `sys_deal_log` VALUES ('32', 'admin', '批量删除用户', 'com.example.demo.modules.sys.controller.UserController.batchDelete()', '[201,202,203,204,205,206,207,208,209]', '100', '127.0.0.1', '2019-02-12 16:25:43');
INSERT INTO `sys_deal_log` VALUES ('33', 'admin', '批量删除用户', 'com.example.demo.modules.sys.controller.UserController.batchDelete()', '[201]', '17', '127.0.0.1', '2019-02-12 16:25:50');
INSERT INTO `sys_deal_log` VALUES ('34', 'admin', '批量删除用户', 'com.example.demo.modules.sys.controller.UserController.batchDelete()', '[206]', '20', '127.0.0.1', '2019-02-12 16:25:53');
INSERT INTO `sys_deal_log` VALUES ('35', 'admin', '删除角色', 'com.example.demo.modules.sys.controller.RoleController.delete()', '5', '20', '127.0.0.1', '2019-02-12 16:26:08');
INSERT INTO `sys_deal_log` VALUES ('36', 'admin', '删除角色', 'com.example.demo.modules.sys.controller.RoleController.delete()', '6', '22', '127.0.0.1', '2019-02-12 16:26:10');
INSERT INTO `sys_deal_log` VALUES ('37', 'admin', '删除角色', 'com.example.demo.modules.sys.controller.RoleController.delete()', '7', '18', '127.0.0.1', '2019-02-12 16:26:11');
INSERT INTO `sys_deal_log` VALUES ('38', 'admin', '批量删除用户', 'com.example.demo.modules.sys.controller.UserController.batchDelete()', '[209]', '18', '127.0.0.1', '2019-02-12 16:26:24');
INSERT INTO `sys_deal_log` VALUES ('39', 'admin', '用户注册', 'com.example.demo.modules.sys.controller.LoginController.register()', '{\"verify\":\"\",\"username\":\"ywq\",\"password\":\"123456\",\"realName\":\"叶皖清\",\"email\":\"357227804@qq.com\",\"phone\":\"13315698523\",\"constellation\":\"处女座\",\"city\":\"深圳\",\"page\":1,\"rows\":10}', '12', '127.0.0.1', '2019-02-12 16:27:49');
INSERT INTO `sys_deal_log` VALUES ('40', '秦建平', '用户登录', 'com.example.demo.modules.sys.controller.LoginController.login()', '{\"username\":\"秦建平\",\"password\":\"123456\",\"page\":1,\"rows\":10}', '4287', '127.0.0.1', '2019-02-13 10:29:36');
INSERT INTO `sys_deal_log` VALUES ('41', '秦建平', '用户登录', 'com.example.demo.modules.sys.controller.LoginController.login()', '{\"username\":\"秦建平\",\"password\":\"123456\",\"page\":1,\"rows\":10}', '3574', '127.0.0.1', '2019-02-13 10:39:00');
INSERT INTO `sys_deal_log` VALUES ('42', '秦建平', '用户登录', 'com.example.demo.modules.sys.controller.LoginController.login()', '{\"username\":\"秦建平\",\"password\":\"123456\",\"page\":1,\"rows\":10}', '1541', '127.0.0.1', '2019-02-13 10:41:18');
INSERT INTO `sys_deal_log` VALUES ('43', '秦建平', '用户登录', 'com.example.demo.modules.sys.controller.LoginController.login()', '{\"username\":\"秦建平\",\"password\":\"123456\",\"page\":1,\"rows\":10}', '1182', '127.0.0.1', '2019-02-13 11:12:02');
INSERT INTO `sys_deal_log` VALUES ('44', '秦建平', '用户登录', 'com.example.demo.modules.sys.controller.LoginController.login()', '{\"username\":\"秦建平\",\"password\":\"123456\",\"page\":1,\"rows\":10}', '1009', '127.0.0.1', '2019-02-13 11:13:35');
INSERT INTO `sys_deal_log` VALUES ('45', '秦建平', '用户登录', 'com.example.demo.modules.sys.controller.LoginController.login()', '{\"username\":\"秦建平\",\"password\":\"123456\",\"page\":1,\"rows\":10}', '2569', '127.0.0.1', '2019-02-13 11:15:55');
INSERT INTO `sys_deal_log` VALUES ('46', '秦建平', '用户登录', 'com.example.demo.modules.sys.controller.LoginController.login()', '{\"username\":\"秦建平\",\"password\":\"123456\",\"page\":1,\"rows\":10}', '650', '127.0.0.1', '2019-02-13 11:55:17');
INSERT INTO `sys_deal_log` VALUES ('47', '秦建平', '用户登录', 'com.example.demo.modules.sys.controller.LoginController.login()', '{\"username\":\"秦建平\",\"password\":\"123456\",\"page\":1,\"rows\":10}', '57918', '127.0.0.1', '2019-02-13 11:55:32');
INSERT INTO `sys_deal_log` VALUES ('48', '秦建平', '用户登录', 'com.example.demo.modules.sys.controller.LoginController.login()', '{\"username\":\"秦建平\",\"password\":\"123456\",\"page\":1,\"rows\":10}', '57415', '127.0.0.1', '2019-02-13 11:55:32');
INSERT INTO `sys_deal_log` VALUES ('49', '秦建平', '用户登录', 'com.example.demo.modules.sys.controller.LoginController.login()', '{\"username\":\"秦建平\",\"password\":\"123456\",\"page\":1,\"rows\":10}', '19332', '127.0.0.1', '2019-02-13 11:55:33');
INSERT INTO `sys_deal_log` VALUES ('50', '秦建平', '用户登录', 'com.example.demo.modules.sys.controller.LoginController.login()', '{\"username\":\"秦建平\",\"password\":\"123456\",\"page\":1,\"rows\":10}', '19295', '127.0.0.1', '2019-02-13 11:55:35');
INSERT INTO `sys_deal_log` VALUES ('51', '秦建平', '用户登录', 'com.example.demo.modules.sys.controller.LoginController.login()', '{\"username\":\"秦建平\",\"password\":\"123456\",\"page\":1,\"rows\":10}', '1077', '127.0.0.1', '2019-02-13 11:56:17');
INSERT INTO `sys_deal_log` VALUES ('52', '秦建平', '用户登录', 'com.example.demo.modules.sys.controller.LoginController.login()', '{\"username\":\"秦建平\",\"password\":\"123456\",\"page\":1,\"rows\":10}', '146873', '127.0.0.1', '2019-02-13 11:57:12');
INSERT INTO `sys_deal_log` VALUES ('53', '秦建平', '用户登录', 'com.example.demo.modules.sys.controller.LoginController.login()', '{\"username\":\"秦建平\",\"password\":\"123456\",\"page\":1,\"rows\":10}', '303', '127.0.0.1', '2019-02-13 13:47:28');
INSERT INTO `sys_deal_log` VALUES ('54', '秦建平', '用户登录', 'com.example.demo.modules.sys.controller.LoginController.login()', '{\"username\":\"秦建平\",\"password\":\"123456\",\"page\":1,\"rows\":10}', '19588', '127.0.0.1', '2019-02-13 14:18:36');
INSERT INTO `sys_deal_log` VALUES ('55', '秦建平', '用户登录', 'com.example.demo.modules.sys.controller.LoginController.login()', '{\"username\":\"秦建平\",\"password\":\"123456\",\"page\":1,\"rows\":10}', '372', '127.0.0.1', '2019-02-13 14:18:36');
INSERT INTO `sys_deal_log` VALUES ('56', '秦建平', '用户登录', 'com.example.demo.modules.sys.controller.LoginController.login()', '{\"username\":\"秦建平\",\"password\":\"123456\",\"page\":1,\"rows\":10}', '38367', '127.0.0.1', '2019-02-13 14:18:36');
INSERT INTO `sys_deal_log` VALUES ('57', '秦建平', '用户登录', 'com.example.demo.modules.sys.controller.LoginController.login()', '{\"username\":\"秦建平\",\"password\":\"123456\",\"page\":1,\"rows\":10}', '38473', '127.0.0.1', '2019-02-13 14:18:52');
INSERT INTO `sys_deal_log` VALUES ('58', '秦建平', '用户登录', 'com.example.demo.modules.sys.controller.LoginController.login()', '{\"username\":\"秦建平\",\"password\":\"123456\",\"page\":1,\"rows\":10}', '38197', '127.0.0.1', '2019-02-13 14:18:53');
INSERT INTO `sys_deal_log` VALUES ('59', '秦建平', '用户登录', 'com.example.demo.modules.sys.controller.LoginController.login()', '{\"username\":\"秦建平\",\"password\":\"123456\",\"page\":1,\"rows\":10}', '65153', '127.0.0.1', '2019-02-13 14:18:54');
INSERT INTO `sys_deal_log` VALUES ('60', '秦建平', '用户登录', 'com.example.demo.modules.sys.controller.LoginController.login()', '{\"username\":\"秦建平\",\"password\":\"123456\",\"page\":1,\"rows\":10}', '38211', '127.0.0.1', '2019-02-13 14:18:54');
INSERT INTO `sys_deal_log` VALUES ('61', '秦建平', '用户登录', 'com.example.demo.modules.sys.controller.LoginController.login()', '{\"username\":\"秦建平\",\"password\":\"123456\",\"page\":1,\"rows\":10}', '296', '127.0.0.1', '2019-02-13 14:36:37');
INSERT INTO `sys_deal_log` VALUES ('62', '秦建平', '保存用户信息', 'com.example.demo.modules.sys.controller.UserController.saveOrUpdate()', '{\"id\":210,\"username\":\"sys_admin\",\"password\":\"UUKHSDDI5KPA43A8VL06V0TU2\",\"realName\":\"系统管理员\",\"status\":0,\"createTime\":\"Feb 13, 2019 2:37:43 PM\",\"email\":\"285688338@qq.com\",\"phone\":\"15575946618\",\"sex\":0,\"constellation\":\"射手座\",\"city\":\"北京\",\"address\":\"北京\",\"page\":1,\"rows\":10}', '117', '127.0.0.1', '2019-02-13 14:37:43');
INSERT INTO `sys_deal_log` VALUES ('63', '秦建平', '保存用户信息', 'com.example.demo.modules.sys.controller.UserController.saveOrUpdate()', '{\"id\":1,\"username\":\"admin\",\"realName\":\"超级管理员\",\"status\":0,\"email\":\"285688338@qq.com\",\"phone\":\"15575946618\",\"sex\":0,\"constellation\":\"射手座\",\"city\":\"广州\",\"address\":\"\",\"page\":1,\"rows\":10}', '89', '127.0.0.1', '2019-02-13 14:38:12');
INSERT INTO `sys_deal_log` VALUES ('64', 'sys_admin', '用户登录', 'com.example.demo.modules.sys.controller.LoginController.login()', '{\"username\":\"sys_admin\",\"password\":\"123456\",\"page\":1,\"rows\":10}', '177', '127.0.0.1', '2019-02-13 14:40:49');
INSERT INTO `sys_deal_log` VALUES ('65', null, '用户登出', 'com.example.demo.modules.sys.controller.LoginController.logout()', null, '0', '127.0.0.1', '2019-03-20 22:09:11');
INSERT INTO `sys_deal_log` VALUES ('66', 'admin', '用户登录', 'com.example.demo.modules.sys.controller.LoginController.login()', '{\"username\":\"admin\",\"password\":\"123456\",\"page\":1,\"rows\":10}', '277', '127.0.0.1', '2019-03-20 22:09:14');
INSERT INTO `sys_deal_log` VALUES ('67', null, '用户登出', 'com.example.demo.modules.sys.controller.LoginController.logout()', null, '0', '127.0.0.1', '2019-03-20 22:10:42');
INSERT INTO `sys_deal_log` VALUES ('68', 'sys_admin', '用户登录', 'com.example.demo.modules.sys.controller.LoginController.login()', '{\"username\":\"sys_admin\",\"password\":\"123456\",\"page\":1,\"rows\":10}', '358', '127.0.0.1', '2019-03-20 22:10:47');
INSERT INTO `sys_deal_log` VALUES ('69', 'admin', '用户登录', 'com.example.demo.modules.sys.controller.LoginController.login()', '{\"username\":\"admin\",\"password\":\"123456\",\"page\":1,\"rows\":10}', '13276', '127.0.0.1', '2019-03-27 08:50:22');
INSERT INTO `sys_deal_log` VALUES ('70', 'admin', '用户登录', 'com.example.demo.modules.sys.controller.LoginController.login()', '{\"username\":\"admin\",\"password\":\"123456\",\"page\":1,\"rows\":10}', '15767', '127.0.0.1', '2019-03-27 08:50:22');
INSERT INTO `sys_deal_log` VALUES ('71', 'admin', '用户登录', 'com.example.demo.modules.sys.controller.LoginController.login()', '{\"username\":\"admin\",\"password\":\"123456\",\"page\":1,\"rows\":10}', '7354', '127.0.0.1', '2019-03-27 08:50:22');
INSERT INTO `sys_deal_log` VALUES ('72', 'admin', '用户登录', 'com.example.demo.modules.sys.controller.LoginController.login()', '{\"username\":\"admin\",\"password\":\"123456\",\"page\":1,\"rows\":10}', '3377', '127.0.0.1', '2019-03-27 08:50:22');
INSERT INTO `sys_deal_log` VALUES ('73', 'admin', '用户登录', 'com.example.demo.modules.sys.controller.LoginController.login()', '{\"username\":\"admin\",\"password\":\"123456\",\"page\":1,\"rows\":10}', '4751', '127.0.0.1', '2019-03-27 08:50:22');
INSERT INTO `sys_deal_log` VALUES ('74', 'admin', '用户登录', 'com.example.demo.modules.sys.controller.LoginController.login()', '{\"username\":\"admin\",\"password\":\"123456\",\"page\":1,\"rows\":10}', '3071', '127.0.0.1', '2019-03-27 08:50:22');
INSERT INTO `sys_deal_log` VALUES ('75', 'admin', '新增或修改菜单', 'com.example.demo.modules.sys.controller.MenuController.saveOrUpdate()', '{\"id\":1001,\"icon\":\"fa fa-home\",\"menuName\":\"系统管理\",\"url\":\"\",\"sort\":1,\"isShow\":1,\"permission\":\"\",\"menuType\":\"menu\",\"page\":1,\"rows\":10}', '884', '127.0.0.1', '2019-03-27 08:53:42');
INSERT INTO `sys_deal_log` VALUES ('76', 'admin', '新增或修改菜单', 'com.example.demo.modules.sys.controller.MenuController.saveOrUpdate()', '{\"id\":1001,\"icon\":\"fa fa-home\",\"menuName\":\"系统管理\",\"url\":\"\",\"sort\":1,\"isShow\":1,\"permission\":\"\",\"menuType\":\"menu\",\"page\":1,\"rows\":10}', '695', '127.0.0.1', '2019-03-27 08:53:43');
INSERT INTO `sys_deal_log` VALUES ('77', 'admin', '新增或修改菜单', 'com.example.demo.modules.sys.controller.MenuController.saveOrUpdate()', '{\"id\":1001,\"icon\":\"fa fa-home\",\"menuName\":\"系统管理\",\"url\":\"\",\"sort\":1,\"isShow\":0,\"permission\":\"\",\"menuType\":\"menu\",\"page\":1,\"rows\":10}', '1026', '127.0.0.1', '2019-03-27 08:54:14');
INSERT INTO `sys_deal_log` VALUES ('78', 'sys_admin', '用户登录', 'com.example.demo.modules.sys.controller.LoginController.login()', '{\"username\":\"sys_admin\",\"password\":\"123456\",\"page\":1,\"rows\":10}', '651', '127.0.0.1', '2019-03-27 23:36:18');
INSERT INTO `sys_deal_log` VALUES ('79', 'sys_admin', '保存用户信息', 'com.example.demo.modules.sys.controller.UserController.saveOrUpdate()', '{\"id\":210,\"username\":\"sys_admin\",\"realName\":\"系统管理员\",\"status\":0,\"email\":\"285688338@qq.com\",\"phone\":\"15575988888\",\"sex\":0,\"constellation\":\"射手座\",\"city\":\"北京\",\"address\":\"北京\",\"page\":1,\"rows\":10}', '93', '127.0.0.1', '2019-03-27 23:40:28');
INSERT INTO `sys_deal_log` VALUES ('80', 'sys_admin', '保存用户信息', 'com.example.demo.modules.sys.controller.UserController.saveOrUpdate()', '{\"id\":1,\"username\":\"admin\",\"realName\":\"超级管理员\",\"status\":0,\"email\":\"285688338@qq.com\",\"phone\":\"15566668888\",\"sex\":0,\"constellation\":\"射手座\",\"city\":\"广州\",\"address\":\"\",\"page\":1,\"rows\":10}', '91', '127.0.0.1', '2019-03-27 23:40:53');
INSERT INTO `sys_deal_log` VALUES ('81', 'sys_admin', '保存用户信息', 'com.example.demo.modules.sys.controller.UserController.saveOrUpdate()', '{\"id\":206,\"username\":\"钟巧丽\",\"realName\":\"钟巧丽\",\"status\":0,\"email\":\"11341561111@qq.com\",\"phone\":\"18512345678\",\"sex\":0,\"constellation\":\"摩羯座\",\"city\":\"宁乡\",\"address\":\"\",\"page\":1,\"rows\":10}', '94', '127.0.0.1', '2019-03-27 23:41:21');
INSERT INTO `sys_deal_log` VALUES ('82', 'admin', '用户登录', 'com.example.demo.modules.sys.controller.LoginController.login()', '{\"username\":\"admin\",\"password\":\"123456\",\"page\":1,\"rows\":10}', '2077', '127.0.0.1', '2019-03-28 08:29:57');
INSERT INTO `sys_deal_log` VALUES ('83', 'admin', '保存用户信息', 'com.example.demo.modules.sys.controller.UserController.saveOrUpdate()', '{\"id\":1,\"username\":\"admin\",\"realName\":\"超级管理员\",\"status\":0,\"email\":\"285688338@qq.com\",\"phone\":\"15566668888\",\"sex\":1,\"constellation\":\"射手座\",\"city\":\"广州\",\"address\":\"\",\"page\":1,\"rows\":10}', '1177', '127.0.0.1', '2019-03-28 08:30:35');
INSERT INTO `sys_deal_log` VALUES ('84', 'admin', '用户登录', 'com.example.demo.modules.sys.controller.LoginController.login()', '{\"username\":\"pro_test\",\"password\":\"111111\",\"page\":1,\"rows\":10}', '1716', '127.0.0.1', '2019-03-28 08:48:27');
INSERT INTO `sys_deal_log` VALUES ('85', 'admin', '用户登录', 'com.example.demo.modules.sys.controller.LoginController.login()', '{\"username\":\"pro_test\",\"password\":\"111111\",\"page\":1,\"rows\":10}', '2853', '127.0.0.1', '2019-03-28 08:48:33');
INSERT INTO `sys_deal_log` VALUES ('86', 'admin', '用户登录', 'com.example.demo.modules.sys.controller.LoginController.login()', '{\"username\":\"admin\",\"password\":\"123456\",\"page\":1,\"rows\":10}', '2756', '127.0.0.1', '2019-03-28 09:52:09');
INSERT INTO `sys_deal_log` VALUES ('87', 'admin', '用户登录', 'com.example.demo.modules.sys.controller.LoginController.login()', '{\"username\":\"admin\",\"password\":\"123456\",\"page\":1,\"rows\":10}', '2762', '127.0.0.1', '2019-03-28 14:15:05');
INSERT INTO `sys_deal_log` VALUES ('88', 'admin', '用户登录', 'com.example.demo.modules.sys.controller.LoginController.login()', '{\"username\":\"admin\",\"password\":\"123456\",\"page\":1,\"rows\":10}', '2031', '127.0.0.1', '2019-03-28 14:18:34');
INSERT INTO `sys_deal_log` VALUES ('89', 'admin', '用户登录', 'com.example.demo.modules.sys.controller.LoginController.login()', '{\"username\":\"admin\",\"password\":\"123456\",\"page\":1,\"rows\":10}', '481', '127.0.0.1', '2019-03-29 10:08:26');
INSERT INTO `sys_deal_log` VALUES ('90', 'admin', '用户登录', 'com.example.demo.modules.sys.controller.LoginController.login()', '{\"username\":\"admin\",\"password\":\"123456\",\"page\":1,\"rows\":10}', '462', '127.0.0.1', '2019-03-29 10:26:12');
INSERT INTO `sys_deal_log` VALUES ('91', 'admin', '新增或修改菜单', 'com.example.demo.modules.sys.controller.MenuController.saveOrUpdate()', '{\"id\":1001,\"icon\":\"fa fa-home\",\"menuName\":\"系统管理\",\"url\":\"\",\"sort\":1,\"isShow\":1,\"permission\":\"\",\"menuType\":\"menu\",\"page\":1,\"rows\":10}', '187', '127.0.0.1', '2019-03-29 10:29:24');
INSERT INTO `sys_deal_log` VALUES ('92', 'admin', '新增或修改菜单', 'com.example.demo.modules.sys.controller.MenuController.saveOrUpdate()', '{\"id\":1001,\"icon\":\"fa fa-home\",\"menuName\":\"系统管理\",\"url\":\"\",\"sort\":1,\"isShow\":0,\"permission\":\"\",\"menuType\":\"menu\",\"page\":1,\"rows\":10}', '188', '127.0.0.1', '2019-03-29 10:29:35');
INSERT INTO `sys_deal_log` VALUES ('93', 'admin', '用户登录', 'com.example.demo.modules.sys.controller.LoginController.login()', '{\"username\":\"admin\",\"password\":\"123456\",\"page\":1,\"rows\":10}', '403', '127.0.0.1', '2019-03-29 13:46:26');
INSERT INTO `sys_deal_log` VALUES ('94', 'admin', '新增或修改菜单', 'com.example.demo.modules.sys.controller.MenuController.saveOrUpdate()', '{\"id\":1001001,\"icon\":\"glyphicon glyphicon-star-empty\",\"menuName\":\"用户管理\",\"url\":\"/sys/user/list\",\"parentId\":1001,\"sort\":1,\"isShow\":0,\"permission\":\"sys:user:list\",\"menuType\":\"api\",\"page\":1,\"rows\":10}', '140', '127.0.0.1', '2019-03-29 14:13:37');
INSERT INTO `sys_deal_log` VALUES ('95', 'admin', '用户登录', 'com.example.demo.modules.sys.controller.LoginController.login()', '{\"username\":\"admin\",\"password\":\"123456\",\"page\":1,\"rows\":10}', '399', '127.0.0.1', '2019-03-29 14:35:56');
INSERT INTO `sys_deal_log` VALUES ('96', 'admin', '启动或停止定时任务', 'com.example.demo.modules.sys.controller.ScheduleJobController.changeJobStatus()', '12', '111', '127.0.0.1', '2019-03-29 14:42:35');
INSERT INTO `sys_deal_log` VALUES ('97', 'admin', '启动或停止定时任务', 'com.example.demo.modules.sys.controller.ScheduleJobController.changeJobStatus()', '12', '70', '127.0.0.1', '2019-03-29 14:42:42');
INSERT INTO `sys_deal_log` VALUES ('98', 'admin', '用户登录', 'com.example.demo.modules.sys.controller.LoginController.login()', '{\"username\":\"admin\",\"password\":\"123456\",\"page\":1,\"rows\":10}', '355', '127.0.0.1', '2019-03-29 15:16:26');
INSERT INTO `sys_deal_log` VALUES ('99', 'admin', '用户登录', 'com.example.demo.modules.sys.controller.LoginController.login()', '{\"username\":\"admin\",\"password\":\"123456\",\"page\":1,\"rows\":10}', '770', '127.0.0.1', '2019-03-29 19:11:47');
INSERT INTO `sys_deal_log` VALUES ('100', null, '用户登出', 'com.example.demo.modules.sys.controller.LoginController.logout()', null, '1', '127.0.0.1', '2019-03-29 19:12:58');
INSERT INTO `sys_deal_log` VALUES ('101', null, '用户登录', 'com.example.demo.modules.sys.controller.LoginController.login()', '{\"username\":\"adf\",\"password\":\"adfadad\",\"page\":1,\"rows\":10}', '212', '127.0.0.1', '2019-03-29 19:13:08');
INSERT INTO `sys_deal_log` VALUES ('102', null, '用户登录', 'com.example.demo.modules.sys.controller.LoginController.login()', '{\"username\":\"adfadfa\",\"password\":\"adfadad\",\"page\":1,\"rows\":10}', '233', '127.0.0.1', '2019-03-29 19:13:11');
INSERT INTO `sys_deal_log` VALUES ('103', null, '用户登录', 'com.example.demo.modules.sys.controller.LoginController.login()', '{\"username\":\"admin\",\"password\":\"adsfad\",\"page\":1,\"rows\":10}', '290', '127.0.0.1', '2019-03-29 19:13:17');
INSERT INTO `sys_deal_log` VALUES ('104', null, '用户登录', 'com.example.demo.modules.sys.controller.LoginController.login()', '{\"username\":\"admin\",\"password\":\"adsfad\",\"page\":1,\"rows\":10}', '295', '127.0.0.1', '2019-03-29 19:13:19');
INSERT INTO `sys_deal_log` VALUES ('105', 'admin', '用户登录', 'com.example.demo.modules.sys.controller.LoginController.login()', '{\"username\":\"admin\",\"password\":\"123456\",\"page\":1,\"rows\":10}', '668', '127.0.0.1', '2019-03-29 19:13:50');
INSERT INTO `sys_deal_log` VALUES ('106', null, '用户登出', 'com.example.demo.modules.sys.controller.LoginController.logout()', null, '1', '127.0.0.1', '2019-03-29 19:17:51');
INSERT INTO `sys_deal_log` VALUES ('107', 'admin', '用户登录', 'com.example.demo.modules.sys.controller.LoginController.login()', '{\"username\":\"admin\",\"password\":\"123456\",\"page\":1,\"rows\":10}', '818', '127.0.0.1', '2019-03-29 19:41:16');
INSERT INTO `sys_deal_log` VALUES ('108', 'admin', '用户登录', 'com.example.demo.modules.sys.controller.LoginController.login()', '{\"username\":\"admin\",\"password\":\"123456\",\"page\":1,\"rows\":10}', '545', '61.140.233.104', '2019-03-31 21:58:59');
INSERT INTO `sys_deal_log` VALUES ('109', 'sys_admin', '用户登录', 'com.example.demo.modules.sys.controller.LoginController.login()', '{\"username\":\"sys_admin\",\"password\":\"123456\",\"page\":1,\"rows\":10}', '8887', '61.140.233.104', '2019-03-31 22:14:03');
INSERT INTO `sys_deal_log` VALUES ('110', 'sys_admin', '用户登录', 'com.example.demo.modules.sys.controller.LoginController.login()', '{\"username\":\"sys_admin\",\"password\":\"123456\",\"page\":1,\"rows\":10}', '153993', '61.140.233.104', '2019-03-31 22:16:32');
INSERT INTO `sys_deal_log` VALUES ('111', 'sys_admin', '用户登录', 'com.example.demo.modules.sys.controller.LoginController.login()', '{\"username\":\"sys_admin\",\"password\":\"123456\",\"page\":1,\"rows\":10}', '153998', '61.140.233.104', '2019-03-31 22:16:32');
INSERT INTO `sys_deal_log` VALUES ('112', 'sys_admin', '用户登录', 'com.example.demo.modules.sys.controller.LoginController.login()', '{\"username\":\"sys_admin\",\"password\":\"123456\",\"page\":1,\"rows\":10}', '153997', '61.140.233.104', '2019-03-31 22:16:32');
INSERT INTO `sys_deal_log` VALUES ('113', 'sys_admin', '用户登录', 'com.example.demo.modules.sys.controller.LoginController.login()', '{\"username\":\"sys_admin\",\"password\":\"123456\",\"page\":1,\"rows\":10}', '159698', '61.140.233.104', '2019-03-31 22:16:40');
INSERT INTO `sys_deal_log` VALUES ('114', 'sys_admin', '用户登录', 'com.example.demo.modules.sys.controller.LoginController.login()', '{\"username\":\"sys_admin\",\"password\":\"123456\",\"page\":1,\"rows\":10}', '159700', '61.140.233.104', '2019-03-31 22:16:40');
INSERT INTO `sys_deal_log` VALUES ('115', 'sys_admin', '用户登录', 'com.example.demo.modules.sys.controller.LoginController.login()', '{\"username\":\"sys_admin\",\"password\":\"123456\",\"page\":1,\"rows\":10}', '133590', '61.140.233.104', '2019-03-31 22:17:57');
INSERT INTO `sys_deal_log` VALUES ('116', 'sys_admin', '用户登录', 'com.example.demo.modules.sys.controller.LoginController.login()', '{\"username\":\"sys_admin\",\"password\":\"123456\",\"page\":1,\"rows\":10}', '133602', '61.140.233.104', '2019-03-31 22:17:57');
INSERT INTO `sys_deal_log` VALUES ('117', 'sys_admin', '用户登录', 'com.example.demo.modules.sys.controller.LoginController.login()', '{\"username\":\"sys_admin\",\"password\":\"123456\",\"page\":1,\"rows\":10}', '133590', '61.140.233.104', '2019-03-31 22:17:57');
INSERT INTO `sys_deal_log` VALUES ('118', 'admin', '用户登录', 'com.example.demo.modules.sys.controller.LoginController.login()', '{\"username\":\"admin\",\"password\":\"123456\",\"page\":1,\"rows\":10}', '41285', '61.140.233.104', '2019-03-31 22:19:09');
INSERT INTO `sys_deal_log` VALUES ('119', 'admin', '用户登录', 'com.example.demo.modules.sys.controller.LoginController.login()', '{\"username\":\"admin\",\"password\":\"123456\",\"page\":1,\"rows\":10}', '376', '61.140.233.104', '2019-03-31 23:27:32');
INSERT INTO `sys_deal_log` VALUES ('120', null, '用户登出', 'com.example.demo.modules.sys.controller.LoginController.logout()', null, '1', '61.140.233.104', '2019-03-31 23:28:00');
INSERT INTO `sys_deal_log` VALUES ('121', 'sys_admin', '用户登录', 'com.example.demo.modules.sys.controller.LoginController.login()', '{\"username\":\"sys_admin\",\"password\":\"123456\",\"page\":1,\"rows\":10}', '251', '61.140.233.104', '2019-03-31 23:28:07');
INSERT INTO `sys_deal_log` VALUES ('122', null, '用户登出', 'com.example.demo.modules.sys.controller.LoginController.logout()', null, '1', '61.140.233.104', '2019-03-31 23:28:49');
INSERT INTO `sys_deal_log` VALUES ('123', 'admin', '用户登录', 'com.example.demo.modules.sys.controller.LoginController.login()', '{\"username\":\"admin\",\"password\":\"123456\",\"page\":1,\"rows\":10}', '137', '61.140.233.104', '2019-03-31 23:28:52');
INSERT INTO `sys_deal_log` VALUES ('124', 'sys_admin', '用户登录', 'com.example.demo.modules.sys.controller.LoginController.login()', '{\"username\":\"sys_admin\",\"password\":\"123456\",\"page\":1,\"rows\":10}', '52371', '61.140.233.104', '2019-03-31 23:31:58');
INSERT INTO `sys_deal_log` VALUES ('125', 'admin', '用户登录', 'com.example.demo.modules.sys.controller.LoginController.login()', '{\"username\":\"admin\",\"password\":\"123456\",\"page\":1,\"rows\":10}', '42998', '61.140.233.104', '2019-03-31 23:32:01');
INSERT INTO `sys_deal_log` VALUES ('126', 'admin', '用户登录', 'com.example.demo.modules.sys.controller.LoginController.login()', '{\"username\":\"admin\",\"password\":\"123456\",\"page\":1,\"rows\":10}', '43003', '61.140.233.104', '2019-03-31 23:32:01');
INSERT INTO `sys_deal_log` VALUES ('127', 'admin', '用户登录', 'com.example.demo.modules.sys.controller.LoginController.login()', '{\"username\":\"admin\",\"password\":\"123456\",\"page\":1,\"rows\":10}', '74107', '61.140.233.104', '2019-03-31 23:33:43');
INSERT INTO `sys_deal_log` VALUES ('128', 'admin', '用户登录', 'com.example.demo.modules.sys.controller.LoginController.login()', '{\"username\":\"admin\",\"password\":\"123456\",\"page\":1,\"rows\":10}', '74105', '61.140.233.104', '2019-03-31 23:33:43');
INSERT INTO `sys_deal_log` VALUES ('129', 'admin', '新增或修改菜单', 'com.example.demo.modules.sys.controller.MenuController.saveOrUpdate()', '{\"id\":1002017,\"icon\":\"glyphicon glyphicon-book\",\"menuName\":\"文件管理\",\"url\":\"\",\"isShow\":0,\"permission\":\"\",\"menuType\":\"menu\",\"page\":1,\"rows\":10}', '1021', '61.140.233.104', '2019-03-31 23:38:38');
INSERT INTO `sys_deal_log` VALUES ('130', 'admin', '新增或修改菜单', 'com.example.demo.modules.sys.controller.MenuController.saveOrUpdate()', '{\"id\":1002018,\"icon\":\"glyphicon glyphicon-th-list\",\"menuName\":\"文件列表\",\"url\":\"/myfile/fileList\",\"parentId\":1002017,\"isShow\":0,\"permission\":\"myfile:fileList\",\"menuType\":\"api\",\"page\":1,\"rows\":10}', '5203', '61.140.233.104', '2019-03-31 23:41:36');
INSERT INTO `sys_deal_log` VALUES ('131', 'admin', '保存菜单权限', 'com.example.demo.modules.sys.controller.MenuController.saveMenuPermission()', '4', '207109', '61.140.233.104', '2019-03-31 23:46:37');
INSERT INTO `sys_deal_log` VALUES ('132', 'admin', '保存菜单权限', 'com.example.demo.modules.sys.controller.MenuController.saveMenuPermission()', '4', '232403', '61.140.233.104', '2019-03-31 23:47:42');
INSERT INTO `sys_deal_log` VALUES ('133', 'admin', '用户登录', 'com.example.demo.modules.sys.controller.LoginController.login()', '{\"username\":\"admin\",\"password\":\"123456\",\"page\":1,\"rows\":10}', '203', '113.108.241.203', '2019-04-01 22:11:51');
INSERT INTO `sys_deal_log` VALUES ('134', 'admin', '保存菜单权限', 'com.example.demo.modules.sys.controller.MenuController.saveMenuPermission()', '1', '321', '113.108.241.203', '2019-04-01 22:12:18');
INSERT INTO `sys_deal_log` VALUES ('135', null, '用户登出', 'com.example.demo.modules.sys.controller.LoginController.logout()', null, '0', '113.108.241.203', '2019-04-01 22:20:53');
INSERT INTO `sys_deal_log` VALUES ('136', 'sys_admin', '用户登录', 'com.example.demo.modules.sys.controller.LoginController.login()', '{\"username\":\"sys_admin\",\"password\":\"123456\",\"page\":1,\"rows\":10}', '83', '113.108.241.203', '2019-04-01 22:24:29');
INSERT INTO `sys_deal_log` VALUES ('137', 'sys_admin', '保存用户信息', 'com.example.demo.modules.sys.controller.UserController.saveOrUpdate()', '{\"id\":211,\"username\":\"邓俊辉\",\"password\":\"UUKHSDDI5KPA43A8VL06V0TU2\",\"realName\":\"邓俊辉\",\"status\":0,\"createTime\":\"Apr 1, 2019 10:25:24 PM\",\"email\":\"285688338@qq.com\",\"phone\":\"1111111111\",\"sex\":1,\"constellation\":\"狮子座\",\"city\":\"东莞\",\"address\":\"东莞\",\"page\":1,\"rows\":10}', '33', '113.108.241.203', '2019-04-01 22:25:24');
INSERT INTO `sys_deal_log` VALUES ('138', 'sys_admin', '保存角色', 'com.example.demo.modules.sys.controller.RoleController.saveOrUpdate()', '{\"id\":7,\"roleName\":\"测试员\",\"remark\":\"\",\"status\":0,\"createTime\":\"Apr 1, 2019 10:25:50 PM\",\"roleType\":1,\"page\":1,\"rows\":10}', '40', '113.108.241.203', '2019-04-01 22:25:51');
INSERT INTO `sys_deal_log` VALUES ('139', 'sys_admin', '保存菜单权限', 'com.example.demo.modules.sys.controller.MenuController.saveMenuPermission()', '7', '72', '113.108.241.203', '2019-04-01 22:26:09');
INSERT INTO `sys_deal_log` VALUES ('140', null, '用户登出', 'com.example.demo.modules.sys.controller.LoginController.logout()', null, '0', '113.108.241.203', '2019-04-01 22:26:14');
INSERT INTO `sys_deal_log` VALUES ('141', '邓俊辉', '用户登录', 'com.example.demo.modules.sys.controller.LoginController.login()', '{\"username\":\"邓俊辉\",\"password\":\"123456\",\"page\":1,\"rows\":10}', '44', '113.108.241.203', '2019-04-01 22:26:26');
INSERT INTO `sys_deal_log` VALUES ('142', null, '用户登出', 'com.example.demo.modules.sys.controller.LoginController.logout()', null, '2', '113.108.241.203', '2019-04-01 22:26:37');
INSERT INTO `sys_deal_log` VALUES ('143', 'admin', '用户登录', 'com.example.demo.modules.sys.controller.LoginController.login()', '{\"username\":\"admin\",\"password\":\"123456\",\"page\":1,\"rows\":10}', '47', '113.108.241.203', '2019-04-01 22:26:41');
INSERT INTO `sys_deal_log` VALUES ('144', 'admin', '保存菜单权限', 'com.example.demo.modules.sys.controller.MenuController.saveMenuPermission()', '7', '33', '113.108.241.203', '2019-04-01 22:26:55');
INSERT INTO `sys_deal_log` VALUES ('145', null, '用户登出', 'com.example.demo.modules.sys.controller.LoginController.logout()', null, '0', '113.108.241.203', '2019-04-01 22:27:10');
INSERT INTO `sys_deal_log` VALUES ('146', '邓俊辉', '用户登录', 'com.example.demo.modules.sys.controller.LoginController.login()', '{\"username\":\"邓俊辉\",\"password\":\"123456\",\"page\":1,\"rows\":10}', '45', '113.108.241.203', '2019-04-01 22:27:19');
INSERT INTO `sys_deal_log` VALUES ('147', null, '用户登出', 'com.example.demo.modules.sys.controller.LoginController.logout()', null, '0', '113.108.241.203', '2019-04-01 22:32:14');
INSERT INTO `sys_deal_log` VALUES ('148', 'sys_admin', '用户登录', 'com.example.demo.modules.sys.controller.LoginController.login()', '{\"username\":\"sys_admin\",\"password\":\"123456\",\"page\":1,\"rows\":10}', '37', '113.108.241.203', '2019-04-01 22:32:17');
INSERT INTO `sys_deal_log` VALUES ('149', null, '用户登出', 'com.example.demo.modules.sys.controller.LoginController.logout()', null, '1', '113.108.241.203', '2019-04-01 22:32:27');
INSERT INTO `sys_deal_log` VALUES ('150', 'admin', '用户登录', 'com.example.demo.modules.sys.controller.LoginController.login()', '{\"username\":\"admin\",\"password\":\"123456\",\"page\":1,\"rows\":10}', '61', '113.108.241.203', '2019-04-01 22:32:30');
INSERT INTO `sys_deal_log` VALUES ('151', 'admin', '保存菜单权限', 'com.example.demo.modules.sys.controller.MenuController.saveMenuPermission()', '1', '196', '113.108.241.203', '2019-04-01 22:32:57');
INSERT INTO `sys_deal_log` VALUES ('152', 'admin', '保存菜单权限', 'com.example.demo.modules.sys.controller.MenuController.saveMenuPermission()', '3', '75', '113.108.241.203', '2019-04-01 22:33:40');
INSERT INTO `sys_deal_log` VALUES ('153', 'admin', '保存菜单权限', 'com.example.demo.modules.sys.controller.MenuController.saveMenuPermission()', '5', '225', '113.108.241.203', '2019-04-01 22:33:52');
INSERT INTO `sys_deal_log` VALUES ('154', null, '用户登出', 'com.example.demo.modules.sys.controller.LoginController.logout()', null, '1', '113.108.241.203', '2019-04-01 22:34:58');
INSERT INTO `sys_deal_log` VALUES ('155', 'sys_admin', '用户登录', 'com.example.demo.modules.sys.controller.LoginController.login()', '{\"username\":\"sys_admin\",\"password\":\"123456\",\"page\":1,\"rows\":10}', '54', '113.108.241.203', '2019-04-01 22:35:01');
INSERT INTO `sys_deal_log` VALUES ('156', null, '用户登出', 'com.example.demo.modules.sys.controller.LoginController.logout()', null, '0', '113.108.241.203', '2019-04-01 22:47:38');
INSERT INTO `sys_deal_log` VALUES ('157', 'admin', '用户登录', 'com.example.demo.modules.sys.controller.LoginController.login()', '{\"username\":\"admin\",\"password\":\"123456\",\"page\":1,\"rows\":10}', '52', '113.108.241.203', '2019-04-01 22:47:41');
INSERT INTO `sys_deal_log` VALUES ('158', null, '用户登出', 'com.example.demo.modules.sys.controller.LoginController.logout()', null, '1', '113.108.241.203', '2019-04-01 22:48:30');
INSERT INTO `sys_deal_log` VALUES ('159', 'sys_admin', '用户登录', 'com.example.demo.modules.sys.controller.LoginController.login()', '{\"username\":\"sys_admin\",\"password\":\"123456\",\"page\":1,\"rows\":10}', '36', '113.108.241.203', '2019-04-01 22:48:34');
INSERT INTO `sys_deal_log` VALUES ('160', 'sys_admin', '用户登录', 'com.example.demo.modules.sys.controller.LoginController.login()', '{\"username\":\"sys_admin\",\"password\":\"123456\",\"page\":1,\"rows\":10}', '38', '113.108.241.203', '2019-04-01 22:48:54');
INSERT INTO `sys_deal_log` VALUES ('161', 'admin', '用户登录', 'com.example.demo.modules.sys.controller.LoginController.login()', '{\"username\":\"admin\",\"password\":\"123456\",\"page\":1,\"rows\":10}', '49', '113.108.241.203', '2019-04-01 22:49:00');
INSERT INTO `sys_deal_log` VALUES ('162', '邓俊辉', '用户登录', 'com.example.demo.modules.sys.controller.LoginController.login()', '{\"username\":\"邓俊辉\",\"password\":\"123456\",\"page\":1,\"rows\":10}', '36', '113.108.241.203', '2019-04-01 22:49:18');
INSERT INTO `sys_deal_log` VALUES ('163', null, '用户登出', 'com.example.demo.modules.sys.controller.LoginController.logout()', null, '1', '113.108.241.203', '2019-04-01 22:49:41');
INSERT INTO `sys_deal_log` VALUES ('164', '邓俊辉', '用户登录', 'com.example.demo.modules.sys.controller.LoginController.login()', '{\"username\":\"邓俊辉\",\"password\":\"123456\",\"page\":1,\"rows\":10}', '315', '113.108.241.203', '2019-04-01 22:51:32');
INSERT INTO `sys_deal_log` VALUES ('165', '邓俊辉', '用户登录', 'com.example.demo.modules.sys.controller.LoginController.login()', '{\"username\":\"邓俊辉\",\"password\":\"123456\",\"page\":1,\"rows\":10}', '55', '113.108.241.203', '2019-04-01 22:51:34');
INSERT INTO `sys_deal_log` VALUES ('166', null, '用户登出', 'com.example.demo.modules.sys.controller.LoginController.logout()', null, '1', '113.108.241.203', '2019-04-01 22:51:40');
INSERT INTO `sys_deal_log` VALUES ('167', 'sys_admin', '用户登录', 'com.example.demo.modules.sys.controller.LoginController.login()', '{\"username\":\"sys_admin\",\"password\":\"123456\",\"page\":1,\"rows\":10}', '55', '113.108.241.203', '2019-04-01 22:51:43');
INSERT INTO `sys_deal_log` VALUES ('168', null, '用户登出', 'com.example.demo.modules.sys.controller.LoginController.logout()', null, '1', '113.108.241.203', '2019-04-01 22:53:49');
INSERT INTO `sys_deal_log` VALUES ('169', 'sys_admin', '用户登录', 'com.example.demo.modules.sys.controller.LoginController.login()', '{\"username\":\"sys_admin\",\"password\":\"123456\",\"page\":1,\"rows\":10}', '54', '113.108.241.203', '2019-04-01 22:53:51');
INSERT INTO `sys_deal_log` VALUES ('170', null, '用户登出', 'com.example.demo.modules.sys.controller.LoginController.logout()', null, '1', '113.108.241.203', '2019-04-01 22:53:54');
INSERT INTO `sys_deal_log` VALUES ('171', 'admin', '用户登录', 'com.example.demo.modules.sys.controller.LoginController.login()', '{\"username\":\"admin\",\"password\":\"123456\",\"page\":1,\"rows\":10}', '42', '113.108.241.203', '2019-04-01 22:53:57');
INSERT INTO `sys_deal_log` VALUES ('172', null, '用户登出', 'com.example.demo.modules.sys.controller.LoginController.logout()', null, '0', '113.108.241.203', '2019-04-01 22:54:01');
INSERT INTO `sys_deal_log` VALUES ('173', 'sys_admin', '用户登录', 'com.example.demo.modules.sys.controller.LoginController.login()', '{\"username\":\"sys_admin\",\"password\":\"123456\",\"page\":1,\"rows\":10}', '119', '211.138.20.169', '2019-04-02 10:11:47');
INSERT INTO `sys_deal_log` VALUES ('174', '邓俊辉', '用户登录', 'com.example.demo.modules.sys.controller.LoginController.login()', '{\"username\":\"邓俊辉\",\"password\":\"123456\",\"page\":1,\"rows\":10}', '46', '218.16.63.112', '2019-04-02 11:10:37');
INSERT INTO `sys_deal_log` VALUES ('175', '邓俊辉', '用户登录', 'com.example.demo.modules.sys.controller.LoginController.login()', '{\"username\":\"邓俊辉\",\"password\":\"123456\",\"page\":1,\"rows\":10}', '46', '218.16.63.112', '2019-04-02 11:35:42');
INSERT INTO `sys_deal_log` VALUES ('176', '邓俊辉', '用户登录', 'com.example.demo.modules.sys.controller.LoginController.login()', '{\"username\":\"邓俊辉\",\"password\":\"123456\",\"page\":1,\"rows\":10}', '45', '218.16.63.112', '2019-04-02 13:55:56');
INSERT INTO `sys_deal_log` VALUES ('177', 'sys_admin', '用户登录', 'com.example.demo.modules.sys.controller.LoginController.login()', '{\"username\":\"sys_admin\",\"password\":\"123456\",\"page\":1,\"rows\":10}', '43', '119.29.1.126', '2019-04-02 14:31:42');
INSERT INTO `sys_deal_log` VALUES ('178', 'sys_admin', '保存菜单权限', 'com.example.demo.modules.sys.controller.MenuController.saveMenuPermission()', '4', '192', '119.29.1.126', '2019-04-02 14:37:12');
INSERT INTO `sys_deal_log` VALUES ('179', 'sys_admin', '用户登录', 'com.example.demo.modules.sys.controller.LoginController.login()', '{\"username\":\"sys_admin\",\"password\":\"123456\",\"page\":1,\"rows\":10}', '108', '1.80.246.1', '2019-04-02 16:07:44');
INSERT INTO `sys_deal_log` VALUES ('180', '邓俊辉', '用户登录', 'com.example.demo.modules.sys.controller.LoginController.login()', '{\"username\":\"邓俊辉\",\"password\":\"123456\",\"page\":1,\"rows\":10}', '75', '218.16.63.112', '2019-04-03 09:27:32');
INSERT INTO `sys_deal_log` VALUES ('181', '邓俊辉', '用户登录', 'com.example.demo.modules.sys.controller.LoginController.login()', '{\"username\":\"邓俊辉\",\"password\":\"123456\",\"page\":1,\"rows\":10}', '76', '113.108.241.203', '2019-04-03 19:26:42');
INSERT INTO `sys_deal_log` VALUES ('182', 'sys_admin', '????', 'com.example.demo.modules.sys.controller.LoginController.login()', '{\"username\":\"sys_admin\",\"password\":\"123456\",\"page\":1,\"rows\":10}', '301', '127.0.0.1', '2019-04-03 19:28:10');
INSERT INTO `sys_deal_log` VALUES ('183', 'sys_admin', '??????', 'com.example.demo.modules.sys.controller.ScheduleJobController.saveOrUpdate()', '{\"id\":10,\"cronExpression\":\"0 30 0 * * ? *\",\"description\":\"????00:30????\",\"beanClass\":\"com.example.demo.modules.job.task.SyncBookDataTask\",\"jobGroup\":\"group1\",\"jobName\":\"SyncBookDataTask\",\"page\":1,\"rows\":10}', '95', '127.0.0.1', '2019-04-03 19:33:34');
INSERT INTO `sys_deal_log` VALUES ('184', 'sys_admin', '??????', 'com.example.demo.modules.sys.controller.ScheduleJobController.saveOrUpdate()', '{\"id\":10,\"cronExpression\":\"0 30 0 * * ? *\",\"description\":\"????00:30????\",\"beanClass\":\"com.example.demo.modules.job.task.SyncBookDataTask\",\"jobGroup\":\"group1\",\"jobName\":\"SyncBookDataTask\",\"page\":1,\"rows\":10}', '36', '127.0.0.1', '2019-04-03 19:34:24');
INSERT INTO `sys_deal_log` VALUES ('185', 'sys_admin', '????', 'com.example.demo.modules.sys.controller.LoginController.login()', '{\"username\":\"sys_admin\",\"password\":\"123456\",\"page\":1,\"rows\":10}', '213', '127.0.0.1', '2019-04-03 19:41:02');
INSERT INTO `sys_deal_log` VALUES ('186', 'sys_admin', '??????', 'com.example.demo.modules.sys.controller.ScheduleJobController.saveOrUpdate()', '{\"id\":10,\"cronExpression\":\"0 30 0 * * ? *\",\"description\":\"??00:30????\",\"beanClass\":\"com.example.demo.modules.job.task.SyncBookDataTask\",\"jobGroup\":\"group1\",\"jobName\":\"SyncBookDataTask\",\"page\":1,\"rows\":10}', '68', '127.0.0.1', '2019-04-03 19:42:36');
INSERT INTO `sys_deal_log` VALUES ('187', 'sys_admin', '??????', 'com.example.demo.modules.sys.controller.ScheduleJobController.saveOrUpdate()', '{\"id\":14,\"cronExpression\":\"0/2 * * * * ? \",\"description\":\"??\",\"beanClass\":\"com.example.demo.modules.job.task.WeatherDataSyncTask\",\"jobGroup\":\"group3\",\"jobName\":\"Weather\",\"page\":1,\"rows\":10}', '22', '127.0.0.1', '2019-04-03 19:42:48');
INSERT INTO `sys_deal_log` VALUES ('188', 'sys_admin', '??????', 'com.example.demo.modules.sys.controller.ScheduleJobController.saveOrUpdate()', '{\"id\":14,\"cronExpression\":\"0/2 * * * * ? \",\"description\":\"??\",\"beanClass\":\"com.example.demo.modules.job.task.WeatherDataSyncTask\",\"jobGroup\":\"group3\",\"jobName\":\"Weather\",\"page\":1,\"rows\":10}', '66410', '127.0.0.1', '2019-04-03 19:44:31');
INSERT INTO `sys_deal_log` VALUES ('189', null, '用户登出', 'com.example.demo.modules.sys.controller.LoginController.logout()', null, '0', '113.108.241.203', '2019-04-03 20:05:38');
INSERT INTO `sys_deal_log` VALUES ('190', 'sys_admin', '用户登录', 'com.example.demo.modules.sys.controller.LoginController.login()', '{\"username\":\"sys_admin\",\"password\":\"123456\",\"page\":1,\"rows\":10}', '41', '113.108.241.203', '2019-04-03 20:05:46');
INSERT INTO `sys_deal_log` VALUES ('191', 'sys_admin', '????', 'com.example.demo.modules.sys.controller.LoginController.login()', '{\"username\":\"sys_admin\",\"password\":\"123456\",\"page\":1,\"rows\":10}', '376', '127.0.0.1', '2019-04-03 21:55:54');
INSERT INTO `sys_deal_log` VALUES ('192', 'sys_admin', '??????', 'com.example.demo.modules.sys.controller.ScheduleJobController.saveOrUpdate()', '{\"id\":10,\"cronExpression\":\"0 30 0 * * ? *\",\"description\":\"??00:30????\",\"beanClass\":\"com.example.demo.modules.job.task.SyncBookDataTask\",\"jobGroup\":\"group1\",\"jobName\":\"SyncBookDataTask\",\"page\":1,\"rows\":10}', '7474', '127.0.0.1', '2019-04-03 22:00:32');
INSERT INTO `sys_deal_log` VALUES ('193', 'sys_admin', '??????', 'com.example.demo.modules.sys.controller.ScheduleJobController.saveOrUpdate()', '{\"id\":10,\"cronExpression\":\"0 30 0 * * ? *\",\"description\":\"??00:30????\",\"beanClass\":\"com.example.demo.modules.job.task.SyncBookDataTask\",\"jobGroup\":\"group1\",\"jobName\":\"SyncBookDataTask\",\"page\":1,\"rows\":10}', '21', '127.0.0.1', '2019-04-03 22:01:13');
INSERT INTO `sys_deal_log` VALUES ('194', 'sys_admin', '?????????', 'com.example.demo.modules.sys.controller.ScheduleJobController.changeJobStatus()', '10', '57', '127.0.0.1', '2019-04-03 22:01:36');
INSERT INTO `sys_deal_log` VALUES ('195', 'sys_admin', '??????', 'com.example.demo.modules.sys.controller.ScheduleJobController.saveOrUpdate()', '{\"id\":12,\"cronExpression\":\"0/2 * * * * ? \",\"description\":\"?2???\",\"beanClass\":\"com.example.demo.modules.job.task.SyncBookDataTask\",\"jobGroup\":\"group2\",\"jobName\":\"WelcomeTask\",\"page\":1,\"rows\":10}', '50', '127.0.0.1', '2019-04-03 22:02:16');
INSERT INTO `sys_deal_log` VALUES ('196', 'sys_admin', '?????????', 'com.example.demo.modules.sys.controller.ScheduleJobController.changeJobStatus()', '12', '34', '127.0.0.1', '2019-04-03 22:02:31');
INSERT INTO `sys_deal_log` VALUES ('197', 'sys_admin', '????', 'com.example.demo.modules.sys.controller.LoginController.login()', '{\"username\":\"sys_admin\",\"password\":\"123456\",\"page\":1,\"rows\":10}', '568', '127.0.0.1', '2019-04-03 22:16:22');
INSERT INTO `sys_deal_log` VALUES ('198', 'sys_admin', '?????????', 'com.example.demo.modules.sys.controller.ScheduleJobController.changeJobStatus()', '12', '51', '127.0.0.1', '2019-04-03 22:17:48');
INSERT INTO `sys_deal_log` VALUES ('199', 'sys_admin', '?????????', 'com.example.demo.modules.sys.controller.ScheduleJobController.changeJobStatus()', '12', '48', '127.0.0.1', '2019-04-03 22:17:52');
INSERT INTO `sys_deal_log` VALUES ('200', 'sys_admin', '?????????', 'com.example.demo.modules.sys.controller.ScheduleJobController.changeJobStatus()', '12', '53', '127.0.0.1', '2019-04-03 22:21:32');
INSERT INTO `sys_deal_log` VALUES ('201', 'sys_admin', '??????', 'com.example.demo.modules.sys.controller.ScheduleJobController.saveOrUpdate()', '{\"id\":10,\"cronExpression\":\"0 30 0 * * ? *\",\"description\":\"\",\"beanClass\":\"com.example.demo.modules.job.task.SyncBookDataTask\",\"jobGroup\":\"group1\",\"jobName\":\"SyncBookDataTask\",\"page\":1,\"rows\":10}', '106', '127.0.0.1', '2019-04-03 22:21:43');
INSERT INTO `sys_deal_log` VALUES ('202', 'sys_admin', '??????', 'com.example.demo.modules.sys.controller.ScheduleJobController.deleteOnlyOne()', '12', '45', '127.0.0.1', '2019-04-03 22:22:00');
INSERT INTO `sys_deal_log` VALUES ('203', 'sys_admin', '用户登录', 'com.example.demo.modules.sys.controller.LoginController.login()', '{\"username\":\"sys_admin\",\"password\":\"123456\",\"page\":1,\"rows\":10}', '198', '113.108.241.203', '2019-04-03 22:45:32');
INSERT INTO `sys_deal_log` VALUES ('204', 'sys_admin', '保存菜单权限', 'com.example.demo.modules.sys.controller.MenuController.saveMenuPermission()', '4', '208', '113.108.241.203', '2019-04-03 22:48:32');
INSERT INTO `sys_deal_log` VALUES ('205', 'sys_admin', '保存用户信息', 'com.example.demo.modules.sys.controller.UserController.saveOrUpdate()', '{\"id\":212,\"username\":\"张勇兵\",\"password\":\"UUKHSDDI5KPA43A8VL06V0TU2\",\"realName\":\"测试97957552720969732\",\"status\":0,\"createTime\":\"Apr 3, 2019 10:50:24 PM\",\"email\":\"285688338@qq.com\",\"phone\":\"\",\"sex\":0,\"constellation\":\"--请选择--\",\"city\":\"\",\"address\":\"\",\"page\":1,\"rows\":10}', '32', '113.108.241.203', '2019-04-03 22:50:25');
INSERT INTO `sys_deal_log` VALUES ('206', 'sys_admin', '保存用户信息', 'com.example.demo.modules.sys.controller.UserController.saveOrUpdate()', '{\"id\":212,\"username\":\"张勇兵\",\"realName\":\"测试97957552720969732\",\"status\":0,\"email\":\"285688338@qq.com\",\"phone\":\"15575946618\",\"sex\":0,\"constellation\":\"天秤座\",\"city\":\"河北\",\"address\":\"\",\"page\":1,\"rows\":10}', '18', '113.108.241.203', '2019-04-03 22:50:52');
INSERT INTO `sys_deal_log` VALUES ('207', 'sys_admin', '用户登录', 'com.example.demo.modules.sys.controller.LoginController.login()', '{\"username\":\"sys_admin\",\"password\":\"123456\",\"page\":1,\"rows\":10}', '65', '113.108.241.203', '2019-04-03 23:11:52');
INSERT INTO `sys_deal_log` VALUES ('208', null, '用户登出', 'com.example.demo.modules.sys.controller.LoginController.logout()', null, '1', '113.108.241.203', '2019-04-03 23:25:17');
INSERT INTO `sys_deal_log` VALUES ('209', '邓俊辉', '用户登录', 'com.example.demo.modules.sys.controller.LoginController.login()', '{\"username\":\"邓俊辉\",\"password\":\"123456\",\"page\":1,\"rows\":10}', '44', '113.108.241.203', '2019-04-03 23:25:20');
INSERT INTO `sys_deal_log` VALUES ('210', 'sys_admin', '用户登录', 'com.example.demo.modules.sys.controller.LoginController.login()', '{\"username\":\"sys_admin\",\"password\":\"123456\",\"page\":1,\"rows\":10}', '583', '127.0.0.1', '2019-04-03 23:25:27');
INSERT INTO `sys_deal_log` VALUES ('211', 'sys_admin', '用户登录', 'com.example.demo.modules.sys.controller.LoginController.login()', '{\"username\":\"sys_admin\",\"password\":\"123456\",\"page\":1,\"rows\":10}', '283', '127.0.0.1', '2019-04-03 23:49:21');
INSERT INTO `sys_deal_log` VALUES ('212', 'sys_admin', '用户登录', 'com.example.demo.modules.sys.controller.LoginController.login()', '{\"username\":\"sys_admin\",\"password\":\"123456\",\"page\":1,\"rows\":10}', '312', '127.0.0.1', '2019-04-03 23:49:51');
INSERT INTO `sys_deal_log` VALUES ('213', 'sys_admin', '用户登录', 'com.example.demo.modules.sys.controller.LoginController.login()', '{\"username\":\"sys_admin\",\"password\":\"123456\",\"page\":1,\"rows\":10}', '411', '127.0.0.1', '2019-04-03 23:51:32');
INSERT INTO `sys_deal_log` VALUES ('214', 'sys_admin', '用户登录', 'com.example.demo.modules.sys.controller.LoginController.login()', '{\"username\":\"sys_admin\",\"password\":\"123456\",\"page\":1,\"rows\":10}', '178', '113.108.241.203', '2019-04-04 00:28:48');
INSERT INTO `sys_deal_log` VALUES ('215', 'sys_admin', '保存定时任务', 'com.example.demo.modules.sys.controller.ScheduleJobController.saveOrUpdate()', '{\"id\":10,\"cronExpression\":\"0 34 0 * * ? *\",\"description\":\"\",\"beanClass\":\"com.example.demo.modules.job.task.SyncBookDataTask\",\"jobGroup\":\"group1\",\"jobName\":\"SyncBookDataTask\",\"page\":1,\"rows\":10}', '14', '113.108.241.203', '2019-04-04 00:33:51');
INSERT INTO `sys_deal_log` VALUES ('216', 'sys_admin', '启动或停止定时任务', 'com.example.demo.modules.sys.controller.ScheduleJobController.changeJobStatus()', '10', '14', '113.108.241.203', '2019-04-04 00:36:10');
INSERT INTO `sys_deal_log` VALUES ('217', 'sys_admin', '保存定时任务', 'com.example.demo.modules.sys.controller.ScheduleJobController.saveOrUpdate()', '{\"id\":10,\"cronExpression\":\"0 38 0 * * ? *\",\"description\":\"\",\"beanClass\":\"com.example.demo.modules.job.task.SyncBookDataTask\",\"jobGroup\":\"group1\",\"jobName\":\"SyncBookDataTask\",\"page\":1,\"rows\":10}', '9', '113.108.241.203', '2019-04-04 00:36:18');
INSERT INTO `sys_deal_log` VALUES ('218', 'sys_admin', '启动或停止定时任务', 'com.example.demo.modules.sys.controller.ScheduleJobController.changeJobStatus()', '10', '11', '113.108.241.203', '2019-04-04 00:36:22');

-- ----------------------------
-- Table structure for sys_dept
-- ----------------------------
DROP TABLE IF EXISTS `sys_dept`;
CREATE TABLE `sys_dept` (
  `id` int(11) NOT NULL AUTO_INCREMENT,
  `dept_name` varchar(255) DEFAULT NULL,
  `parent_id` int(11) DEFAULT NULL,
  `sort` int(11) DEFAULT NULL,
  `icon` varchar(50) DEFAULT NULL COMMENT '图标',
  PRIMARY KEY (`id`)
) ENGINE=InnoDB AUTO_INCREMENT=1002010 DEFAULT CHARSET=utf8;

-- ----------------------------
-- Records of sys_dept
-- ----------------------------
INSERT INTO `sys_dept` VALUES ('1', '总公司', null, '1', 'fa fa-group');
INSERT INTO `sys_dept` VALUES ('1001', '北京分公司', '1', '1', 'fa fa-group');
INSERT INTO `sys_dept` VALUES ('1002', '广州分公司', '1', '2', 'fa fa-group');
INSERT INTO `sys_dept` VALUES ('1003', '长沙分公司', '1', '3', 'fa fa-group');
INSERT INTO `sys_dept` VALUES ('1001001', '规划部', '1001', null, 'glyphicon glyphicon-screenshot');
INSERT INTO `sys_dept` VALUES ('1001002', '总经办', '1001', null, 'fa fa-user');
INSERT INTO `sys_dept` VALUES ('1002001', '人事部', '1002', null, 'glyphicon glyphicon-user');
INSERT INTO `sys_dept` VALUES ('1002002', '开发部', '1003', '4', 'fa fa-cloud');
INSERT INTO `sys_dept` VALUES ('1002003', '需求组', '1002002', '1', 'glyphicon glyphicon-time');
INSERT INTO `sys_dept` VALUES ('1002004', '前端组', '1002002', '3', 'glyphicon glyphicon-euro');
INSERT INTO `sys_dept` VALUES ('1002006', '开发部', '1002', null, 'fa fa-cloud');
INSERT INTO `sys_dept` VALUES ('1002007', '开发部', '1001', null, 'glyphicon glyphicon-time');
INSERT INTO `sys_dept` VALUES ('1002008', '大数据研发', '1003', '1', 'glyphicon glyphicon-star');
INSERT INTO `sys_dept` VALUES ('1002009', '美女组', '1002008', null, 'glyphicon glyphicon-screenshot');

-- ----------------------------
-- Table structure for sys_dept_user
-- ----------------------------
DROP TABLE IF EXISTS `sys_dept_user`;
CREATE TABLE `sys_dept_user` (
  `id` int(11) NOT NULL AUTO_INCREMENT,
  `user_id` int(11) DEFAULT NULL,
  `dept_id` int(11) DEFAULT NULL,
  `ismaster` int(11) DEFAULT '1' COMMENT '是否是主管 0是 1否',
  PRIMARY KEY (`id`)
) ENGINE=InnoDB AUTO_INCREMENT=68 DEFAULT CHARSET=utf8;

-- ----------------------------
-- Records of sys_dept_user
-- ----------------------------
INSERT INTO `sys_dept_user` VALUES ('7', '10', '1001001', '1');
INSERT INTO `sys_dept_user` VALUES ('8', '1', '1001001', '0');
INSERT INTO `sys_dept_user` VALUES ('9', '9', '1001001', '1');
INSERT INTO `sys_dept_user` VALUES ('12', '14', '1001001', '1');
INSERT INTO `sys_dept_user` VALUES ('13', '13', '1001001', '1');
INSERT INTO `sys_dept_user` VALUES ('14', '12', '1001001', '1');
INSERT INTO `sys_dept_user` VALUES ('15', '11', '1001001', '1');
INSERT INTO `sys_dept_user` VALUES ('16', '26', '1001001', '1');
INSERT INTO `sys_dept_user` VALUES ('17', '25', '1001001', '1');
INSERT INTO `sys_dept_user` VALUES ('18', '24', '1001001', '1');
INSERT INTO `sys_dept_user` VALUES ('19', '15', '1001001', '1');
INSERT INTO `sys_dept_user` VALUES ('20', '1', '1001002', '0');
INSERT INTO `sys_dept_user` VALUES ('21', '10', '1001002', '1');
INSERT INTO `sys_dept_user` VALUES ('22', '9', '1001002', '1');
INSERT INTO `sys_dept_user` VALUES ('23', '12', '1001002', '1');
INSERT INTO `sys_dept_user` VALUES ('24', '14', '1001002', '1');
INSERT INTO `sys_dept_user` VALUES ('25', '24', '1001002', '1');
INSERT INTO `sys_dept_user` VALUES ('26', '202', '1001002', '1');
INSERT INTO `sys_dept_user` VALUES ('27', '197', '1001002', '1');
INSERT INTO `sys_dept_user` VALUES ('28', '200', '1001002', '1');
INSERT INTO `sys_dept_user` VALUES ('29', '33', '1002007', '1');
INSERT INTO `sys_dept_user` VALUES ('30', '9', '1002007', '1');
INSERT INTO `sys_dept_user` VALUES ('31', '36', '1002007', '1');
INSERT INTO `sys_dept_user` VALUES ('32', '38', '1002007', '1');
INSERT INTO `sys_dept_user` VALUES ('33', '43', '1002007', '1');
INSERT INTO `sys_dept_user` VALUES ('34', '201', '1002007', '1');
INSERT INTO `sys_dept_user` VALUES ('35', '34', '1001', '1');
INSERT INTO `sys_dept_user` VALUES ('36', '35', '1001', '1');
INSERT INTO `sys_dept_user` VALUES ('37', '46', '1001', '1');
INSERT INTO `sys_dept_user` VALUES ('38', '52', '1001', '1');
INSERT INTO `sys_dept_user` VALUES ('39', '200', '1001', '0');
INSERT INTO `sys_dept_user` VALUES ('40', '198', '1', '0');
INSERT INTO `sys_dept_user` VALUES ('41', '188', '1', '1');
INSERT INTO `sys_dept_user` VALUES ('42', '181', '1', '1');
INSERT INTO `sys_dept_user` VALUES ('43', '48', '1', '1');
INSERT INTO `sys_dept_user` VALUES ('44', '43', '1', '1');
INSERT INTO `sys_dept_user` VALUES ('48', '60', '1', '1');
INSERT INTO `sys_dept_user` VALUES ('49', '57', '1', '1');
INSERT INTO `sys_dept_user` VALUES ('51', '12', '1', '1');
INSERT INTO `sys_dept_user` VALUES ('52', '9', '1002008', '1');
INSERT INTO `sys_dept_user` VALUES ('53', '12', '1002008', '0');
INSERT INTO `sys_dept_user` VALUES ('54', '188', '1002008', '1');
INSERT INTO `sys_dept_user` VALUES ('55', '187', '1002008', '1');
INSERT INTO `sys_dept_user` VALUES ('56', '11', '1002008', '1');
INSERT INTO `sys_dept_user` VALUES ('57', '206', '1002009', '0');
INSERT INTO `sys_dept_user` VALUES ('58', '194', '1002009', '1');
INSERT INTO `sys_dept_user` VALUES ('59', '9', '1002009', '1');
INSERT INTO `sys_dept_user` VALUES ('60', '187', '1002009', '1');
INSERT INTO `sys_dept_user` VALUES ('61', '12', '1002009', '1');
INSERT INTO `sys_dept_user` VALUES ('62', '195', '1002007', '1');
INSERT INTO `sys_dept_user` VALUES ('63', '12', '1002007', '1');
INSERT INTO `sys_dept_user` VALUES ('64', '188', '1002007', '1');
INSERT INTO `sys_dept_user` VALUES ('65', '1', '1002007', '1');
INSERT INTO `sys_dept_user` VALUES ('66', '209', '1002007', '1');
INSERT INTO `sys_dept_user` VALUES ('67', '210', '1002007', '0');

-- ----------------------------
-- Table structure for sys_dict
-- ----------------------------
DROP TABLE IF EXISTS `sys_dict`;
CREATE TABLE `sys_dict` (
  `id` int(200) NOT NULL,
  `dict_name` varchar(100) DEFAULT NULL COMMENT '数据字典名称',
  `dict_value` varchar(100) DEFAULT NULL COMMENT '数据字典值',
  `dict_level` int(4) DEFAULT NULL COMMENT '数据字典类型',
  `dict_state` int(4) DEFAULT NULL COMMENT '数据字典状态',
  `parent_id` int(200) DEFAULT NULL COMMENT '父级ID',
  `dict_sort` int(11) DEFAULT NULL COMMENT '排序号',
  PRIMARY KEY (`id`)
) ENGINE=InnoDB DEFAULT CHARSET=utf8;

-- ----------------------------
-- Records of sys_dict
-- ----------------------------
INSERT INTO `sys_dict` VALUES ('1', '商品分类', 'goodsClassify', '0', '0', '0', '0');
INSERT INTO `sys_dict` VALUES ('2', '手机', '手机', '1', '0', '1', '1');
INSERT INTO `sys_dict` VALUES ('3', '电脑', '电脑', '1', '0', '1', '2');

-- ----------------------------
-- Table structure for sys_file
-- ----------------------------
DROP TABLE IF EXISTS `sys_file`;
CREATE TABLE `sys_file` (
  `id` int(200) NOT NULL AUTO_INCREMENT,
  `file_url` varchar(255) DEFAULT NULL COMMENT '文件路径',
  `file_name` varchar(255) DEFAULT NULL COMMENT '文件名称',
  `file_chname` varchar(255) DEFAULT NULL COMMENT 'ftp保存的文件名',
  `file_type` varchar(2) DEFAULT NULL COMMENT '文件类型',
  `create_time` datetime DEFAULT NULL COMMENT '创建时间',
  `create_user` varchar(40) DEFAULT NULL COMMENT '创建者',
  PRIMARY KEY (`id`)
) ENGINE=InnoDB AUTO_INCREMENT=41 DEFAULT CHARSET=utf8;

-- ----------------------------
-- Records of sys_file
-- ----------------------------
INSERT INTO `sys_file` VALUES ('20', '/home/springboot/1551539281316.docx', '《peerless》.docx', null, '1', '2019-03-02 23:08:01', 'admin');
INSERT INTO `sys_file` VALUES ('22', '/home/springboot/1551542845816.png', '项目生命周期 - 阶段纵向.png', '1551542845816.png', '1', '2019-03-03 00:07:26', 'admin');
INSERT INTO `sys_file` VALUES ('26', '/home/springboot/1551583765121.png', 'AE51D893-78AC-45d8-9555-DEC6C253DCE8.png', '1551583765121.png', '1', '2019-03-03 11:29:25', 'admin');
INSERT INTO `sys_file` VALUES ('27', '/home/springboot/1551583765137.png', '公示er图.png', '1551583765137.png', '1', '2019-03-03 11:29:25', 'admin');
INSERT INTO `sys_file` VALUES ('29', '/home/springboot/1551584142395.xlsx', 'notepad__快捷键.xlsx', '1551584142395.xlsx', '1', '2019-03-03 11:35:42', 'sys_admin');
INSERT INTO `sys_file` VALUES ('30', '/home/springboot/1551584142671.png', '项目生命周期 - 阶段纵向.png', '1551584142671.png', '1', '2019-03-03 11:35:43', 'sys_admin');
INSERT INTO `sys_file` VALUES ('31', '/home/springboot/1551584142683.pdf', 'EL手册.pdf', '1551584142683.pdf', '1', '2019-03-03 11:35:43', 'sys_admin');
INSERT INTO `sys_file` VALUES ('32', '/home/springboot/1551621521443.jpg', '东莞市建设项目经济技术指标核算报告.jpg', '1551621521443.jpg', '1', '2019-03-03 21:58:42', 'sys_admin');
INSERT INTO `sys_file` VALUES ('33', '/home/springboot/1551621679076.txt', '工程咨询机构编制的项目建议书（编制单位资质要求乙级及以上）.txt', '1551621679076.txt', '1', '2019-03-03 22:01:19', 'sys_admin');
INSERT INTO `sys_file` VALUES ('34', '/home/springboot/1551621679086.东莞市政府工作人员统一认证平台接入规范_1__1_.docx', '附件3.东莞市政府工作人员统一认证平台接入规范_1__1_.docx', '1551621679086.东莞市政府工作人员统一认证平台接入规范_1__1_.docx', '1', '2019-03-03 22:01:19', 'sys_admin');
INSERT INTO `sys_file` VALUES ('35', '/home/springboot/1551621679086.jpg', '建设单位认为需要说明的相关情况.jpg', '1551621679086.jpg', '1', '2019-03-03 22:01:19', 'sys_admin');
INSERT INTO `sys_file` VALUES ('36', '/home/springboot/1551621679087.png', 'E97D4BE9-DD66-4ec4-B625-1BA8A3A63420.png', '1551621679087.png', '1', '2019-03-03 22:01:19', 'sys_admin');
INSERT INTO `sys_file` VALUES ('37', '/home/springboot/1551621679076.pdf', '企业投资建设工程项目审批改革流程图0705（公开出让用地）.pdf', '1551621679076.pdf', '1', '2019-03-03 22:01:19', 'sys_admin');
INSERT INTO `sys_file` VALUES ('38', '/home/springboot/1551621704888.jpg', '中标通知书.jpg', '1551621704888.jpg', '1', '2019-03-03 22:01:45', 'sys_admin');
INSERT INTO `sys_file` VALUES ('39', '/home/springboot/1551621716434.jpg', '受委托人身份证明.jpg', '1551621716434.jpg', '1', '2019-03-03 22:01:56', 'sys_admin');
INSERT INTO `sys_file` VALUES ('40', '/home/springboot/1552227215288.jpg', '施工合同（含分包合同）.jpg', '1552227215288.jpg', '1', '2019-03-10 22:13:36', '秦建平');

-- ----------------------------
-- Table structure for sys_interface
-- ----------------------------
DROP TABLE IF EXISTS `sys_interface`;
CREATE TABLE `sys_interface` (
  `id` int(11) NOT NULL AUTO_INCREMENT,
  `interface_Name` varchar(255) NOT NULL COMMENT '接口名称',
  `interface_Url` varchar(255) NOT NULL COMMENT '接口链接',
  `interface_group` varchar(10) DEFAULT NULL COMMENT '分组',
  `interface_sort` int(4) DEFAULT NULL COMMENT '排序',
  `description` varchar(255) DEFAULT NULL COMMENT '备注',
  PRIMARY KEY (`id`)
) ENGINE=InnoDB AUTO_INCREMENT=14 DEFAULT CHARSET=utf8;

-- ----------------------------
-- Records of sys_interface
-- ----------------------------
INSERT INTO `sys_interface` VALUES ('3', 'github', 'https://github.com/', '', '2', '');
INSERT INTO `sys_interface` VALUES ('6', '码云 Gitee — 开源中国 Git 代码托管平台', 'https://gitee.com/login', '', null, '');
INSERT INTO `sys_interface` VALUES ('7', '正式库-后台', 'http://19.104.11.118:7082/opus-admin/console/index.do', '', null, '');
INSERT INTO `sys_interface` VALUES ('8', '正式库-前端', 'http://19.104.11.118:8083/aplanmis-front/opus/portal/pc/web/index.do', '', null, '');
INSERT INTO `sys_interface` VALUES ('9', '网厅', 'http://172.16.61.196:8084/aplanmis-mall/aea/mall/main/mainIndex.do', '', null, '');
INSERT INTO `sys_interface` VALUES ('10', 'front 205', 'http://192.168.124.53:8083/aplanmis-front/opus/portal/pc/web/index.do#', '', null, '');
INSERT INTO `sys_interface` VALUES ('12', 'front 201', 'http://19.106.218.166:8083/aplanmis-front/opus/portal/pc/web/index.do#', '', null, '');
INSERT INTO `sys_interface` VALUES ('13', '本地项目网址', 'http://127.0.0.1:9009/', '', null, '');

-- ----------------------------
-- Table structure for sys_log
-- ----------------------------
DROP TABLE IF EXISTS `sys_log`;
CREATE TABLE `sys_log` (
  `log_id` int(100) NOT NULL AUTO_INCREMENT,
  `log_level` int(10) DEFAULT NULL COMMENT 'debug(10000),info(20000),warn(30000),error(40000)',
  `url` varchar(100) DEFAULT NULL,
  `user_id` int(100) DEFAULT NULL,
  `username` varchar(100) DEFAULT NULL,
  `result` longtext,
  `create_time` timestamp NULL DEFAULT NULL ON UPDATE CURRENT_TIMESTAMP,
  PRIMARY KEY (`log_id`)
) ENGINE=InnoDB DEFAULT CHARSET=utf8;

-- ----------------------------
-- Records of sys_log
-- ----------------------------

-- ----------------------------
-- Table structure for sys_menu
-- ----------------------------
DROP TABLE IF EXISTS `sys_menu`;
CREATE TABLE `sys_menu` (
  `id` int(11) NOT NULL AUTO_INCREMENT,
  `icon` varchar(255) DEFAULT NULL COMMENT '图标',
  `menu_name` varchar(255) DEFAULT NULL COMMENT '菜单名称',
  `url` varchar(255) DEFAULT NULL COMMENT '路径',
  `parent_id` int(11) DEFAULT NULL,
  `sort` tinyint(4) DEFAULT NULL COMMENT '排序号',
  `permission` varchar(255) DEFAULT NULL,
  `is_show` tinyint(4) DEFAULT '0' COMMENT '是否显示  0显示 1不显示',
  `menu_type` varchar(20) DEFAULT '' COMMENT '菜单类型 button按钮 menu菜单 api 请求接口',
  `is_sys_menu` varchar(2) DEFAULT '' COMMENT '是否系统菜单  0系统菜单  1非系统菜单   系统菜单不可删除',
  PRIMARY KEY (`id`)
) ENGINE=InnoDB AUTO_INCREMENT=1002019 DEFAULT CHARSET=utf8;

-- ----------------------------
-- Records of sys_menu
-- ----------------------------
INSERT INTO `sys_menu` VALUES ('1001', 'fa fa-home', '系统管理', '', null, '1', '', '0', 'menu','0');
INSERT INTO `sys_menu` VALUES ('1002', 'fa fa-pie-chart', '基础数据管理', null, null, '2', null, '0', 'menu','0');
INSERT INTO `sys_menu` VALUES ('1001001', 'glyphicon glyphicon-star-empty', '用户管理', '/sys/user/list', '1001', '1', 'sys:user:list', '0', 'api','0');
INSERT INTO `sys_menu` VALUES ('1001002', 'fa fa-user', '角色管理', '/sys/role/list', '1001', '2', 'sys:role:list', '0', 'api','0');
INSERT INTO `sys_menu` VALUES ('1001003', 'fa fa-sitemap', '菜单管理', '/sys/menu/list', '1001', '3', 'sys:menu:list', '0', 'api','0');
INSERT INTO `sys_menu` VALUES ('1001004', 'fa fa-mortar-board', '部门管理', '/sys/dept/list', '1001', '4', 'sys:dept:list', '0', 'api','0');
INSERT INTO `sys_menu` VALUES ('1002001', 'fa fa-book', '数据字典管理', '/data/dic/list', '1002', '1', 'data:dic:list', '0', 'api','0');
INSERT INTO `sys_menu` VALUES ('1002002', 'fa fa-clock-o', '定时器管理', '/data/scheduler/list', '1002', '2', 'data:scheduler:list', '0', 'api','0');
INSERT INTO `sys_menu` VALUES ('1002003', 'glyphicon glyphicon-headphones', '接口管理', '', null, null, null, '0', 'menu','0');
INSERT INTO `sys_menu` VALUES ('1002004', 'glyphicon glyphicon-globe', '登录链接', '/data/interface/list', '1002003', null, 'data:interface:list', '0', 'api','0');
INSERT INTO `sys_menu` VALUES ('1002005', 'glyphicon glyphicon-bookmark', '图书借阅系统', '', null, null, null, '0', 'menu','0');
INSERT INTO `sys_menu` VALUES ('1002006', 'glyphicon glyphicon-list-alt', '图书列表', '/api/book/list', '1002005', null, 'api:book:list', '0', 'api','0');
INSERT INTO `sys_menu` VALUES ('1002007', 'glyphicon glyphicon-book', '我的借阅', '/api/borrow/list', '1002005', null, 'api:borrow:list', '0', 'api','0');
INSERT INTO `sys_menu` VALUES ('1002008', 'glyphicon glyphicon-cloud', '天气信息', '/weather/list', '1002003', null, 'weather:list', '0', 'api','0');
INSERT INTO `sys_menu` VALUES ('1002009', 'glyphicon glyphicon-object-align-bottom', '股市查阅系统', '', null, null, null, '0', 'menu','0');
INSERT INTO `sys_menu` VALUES ('1002010', 'glyphicon glyphicon-object-align-horizontal', '香港股市列表', '/stock/hk/list', '1002009', null, 'stock:hk:list', '0', 'api','0');
INSERT INTO `sys_menu` VALUES ('1002011', 'glyphicon glyphicon-object-align-left', '沪股列表', '/stock/sh/list', '1002009', null, 'stock:sh:list', '0', 'api','0');
INSERT INTO `sys_menu` VALUES ('1002012', 'glyphicon glyphicon-object-align-vertical', '深圳股市列表', '/stock/sz/list', '1002009', null, 'stock:sz:list', '0', 'api','0');
INSERT INTO `sys_menu` VALUES ('1002013', 'glyphicon glyphicon-object-align-right', '美国股市列表', '/stock/usa/list', '1002009', null, 'stock:usa:list', '0', 'api','0');
INSERT INTO `sys_menu` VALUES ('1002014', 'glyphicon glyphicon-cog', '系统监控', '', null, null, null, '0', 'menu','0');
INSERT INTO `sys_menu` VALUES ('1002015', 'glyphicon glyphicon-dashboard', '服务监控', '/monitor/server', '1002014', null, 'monitor:server', '0', 'api','0');
INSERT INTO `sys_menu` VALUES ('1002016', 'glyphicon glyphicon-list-alt', '系统日志', '/sys/log/list', '1002014', null, 'sys:log:list', '0', 'api','0');
INSERT INTO `sys_menu` VALUES ('1002017', 'glyphicon glyphicon-book', '文件管理', '', null, null, '', '0', 'menu','0');
INSERT INTO `sys_menu` VALUES ('1002018', 'glyphicon glyphicon-th-list', '文件列表', '/myfile/fileList', '1002017', null, 'myfile:fileList', '0', 'api','0');

-- ----------------------------
-- Table structure for sys_menu_role
-- ----------------------------
DROP TABLE IF EXISTS `sys_menu_role`;
CREATE TABLE `sys_menu_role` (
  `id` int(11) NOT NULL AUTO_INCREMENT,
  `menu_id` int(11) DEFAULT NULL,
  `role_id` int(11) DEFAULT NULL,
  PRIMARY KEY (`id`)
) ENGINE=InnoDB AUTO_INCREMENT=448 DEFAULT CHARSET=utf8;

-- ----------------------------
-- Records of sys_menu_role
-- ----------------------------
INSERT INTO `sys_menu_role` VALUES ('114', '1002005', '6');
INSERT INTO `sys_menu_role` VALUES ('115', '1002006', '6');
INSERT INTO `sys_menu_role` VALUES ('116', '1002007', '6');
INSERT INTO `sys_menu_role` VALUES ('297', '1001', '2');
INSERT INTO `sys_menu_role` VALUES ('298', '1001001', '2');
INSERT INTO `sys_menu_role` VALUES ('299', '1001002', '2');
INSERT INTO `sys_menu_role` VALUES ('300', '1001003', '2');
INSERT INTO `sys_menu_role` VALUES ('301', '1001004', '2');
INSERT INTO `sys_menu_role` VALUES ('302', '1002', '2');
INSERT INTO `sys_menu_role` VALUES ('303', '1002001', '2');
INSERT INTO `sys_menu_role` VALUES ('304', '1002002', '2');
INSERT INTO `sys_menu_role` VALUES ('305', '1002014', '2');
INSERT INTO `sys_menu_role` VALUES ('306', '1002015', '2');
INSERT INTO `sys_menu_role` VALUES ('307', '1002016', '2');
INSERT INTO `sys_menu_role` VALUES ('352', '1002003', '7');
INSERT INTO `sys_menu_role` VALUES ('353', '1002004', '7');
INSERT INTO `sys_menu_role` VALUES ('354', '1001', '1');
INSERT INTO `sys_menu_role` VALUES ('355', '1001001', '1');
INSERT INTO `sys_menu_role` VALUES ('356', '1001002', '1');
INSERT INTO `sys_menu_role` VALUES ('357', '1001003', '1');
INSERT INTO `sys_menu_role` VALUES ('358', '1001004', '1');
INSERT INTO `sys_menu_role` VALUES ('359', '1002', '1');
INSERT INTO `sys_menu_role` VALUES ('360', '1002001', '1');
INSERT INTO `sys_menu_role` VALUES ('361', '1002002', '1');
INSERT INTO `sys_menu_role` VALUES ('362', '1002005', '1');
INSERT INTO `sys_menu_role` VALUES ('363', '1002006', '1');
INSERT INTO `sys_menu_role` VALUES ('364', '1002007', '1');
INSERT INTO `sys_menu_role` VALUES ('365', '1002009', '1');
INSERT INTO `sys_menu_role` VALUES ('366', '1002010', '1');
INSERT INTO `sys_menu_role` VALUES ('367', '1002011', '1');
INSERT INTO `sys_menu_role` VALUES ('368', '1002012', '1');
INSERT INTO `sys_menu_role` VALUES ('369', '1002013', '1');
INSERT INTO `sys_menu_role` VALUES ('370', '1002014', '1');
INSERT INTO `sys_menu_role` VALUES ('371', '1002015', '1');
INSERT INTO `sys_menu_role` VALUES ('372', '1002016', '1');
INSERT INTO `sys_menu_role` VALUES ('373', '1002017', '1');
INSERT INTO `sys_menu_role` VALUES ('374', '1002018', '1');
INSERT INTO `sys_menu_role` VALUES ('375', '1001', '3');
INSERT INTO `sys_menu_role` VALUES ('376', '1001001', '3');
INSERT INTO `sys_menu_role` VALUES ('377', '1001002', '3');
INSERT INTO `sys_menu_role` VALUES ('378', '1001003', '3');
INSERT INTO `sys_menu_role` VALUES ('379', '1001004', '3');
INSERT INTO `sys_menu_role` VALUES ('380', '1002', '3');
INSERT INTO `sys_menu_role` VALUES ('381', '1002001', '3');
INSERT INTO `sys_menu_role` VALUES ('382', '1002002', '3');
INSERT INTO `sys_menu_role` VALUES ('383', '1001', '5');
INSERT INTO `sys_menu_role` VALUES ('384', '1001001', '5');
INSERT INTO `sys_menu_role` VALUES ('385', '1001002', '5');
INSERT INTO `sys_menu_role` VALUES ('386', '1001003', '5');
INSERT INTO `sys_menu_role` VALUES ('387', '1001004', '5');
INSERT INTO `sys_menu_role` VALUES ('388', '1002', '5');
INSERT INTO `sys_menu_role` VALUES ('389', '1002001', '5');
INSERT INTO `sys_menu_role` VALUES ('390', '1002002', '5');
INSERT INTO `sys_menu_role` VALUES ('391', '1002003', '5');
INSERT INTO `sys_menu_role` VALUES ('392', '1002004', '5');
INSERT INTO `sys_menu_role` VALUES ('393', '1002008', '5');
INSERT INTO `sys_menu_role` VALUES ('394', '1002005', '5');
INSERT INTO `sys_menu_role` VALUES ('395', '1002006', '5');
INSERT INTO `sys_menu_role` VALUES ('396', '1002007', '5');
INSERT INTO `sys_menu_role` VALUES ('397', '1002009', '5');
INSERT INTO `sys_menu_role` VALUES ('398', '1002010', '5');
INSERT INTO `sys_menu_role` VALUES ('399', '1002011', '5');
INSERT INTO `sys_menu_role` VALUES ('400', '1002012', '5');
INSERT INTO `sys_menu_role` VALUES ('401', '1002013', '5');
INSERT INTO `sys_menu_role` VALUES ('402', '1002014', '5');
INSERT INTO `sys_menu_role` VALUES ('403', '1002015', '5');
INSERT INTO `sys_menu_role` VALUES ('404', '1002016', '5');
INSERT INTO `sys_menu_role` VALUES ('405', '1002017', '5');
INSERT INTO `sys_menu_role` VALUES ('406', '1002018', '5');
INSERT INTO `sys_menu_role` VALUES ('427', '1001', '4');
INSERT INTO `sys_menu_role` VALUES ('428', '1001001', '4');
INSERT INTO `sys_menu_role` VALUES ('429', '1001002', '4');
INSERT INTO `sys_menu_role` VALUES ('430', '1001003', '4');
INSERT INTO `sys_menu_role` VALUES ('431', '1001004', '4');
INSERT INTO `sys_menu_role` VALUES ('432', '1002', '4');
INSERT INTO `sys_menu_role` VALUES ('433', '1002001', '4');
INSERT INTO `sys_menu_role` VALUES ('434', '1002002', '4');
INSERT INTO `sys_menu_role` VALUES ('435', '1002005', '4');
INSERT INTO `sys_menu_role` VALUES ('436', '1002006', '4');
INSERT INTO `sys_menu_role` VALUES ('437', '1002007', '4');
INSERT INTO `sys_menu_role` VALUES ('438', '1002009', '4');
INSERT INTO `sys_menu_role` VALUES ('439', '1002010', '4');
INSERT INTO `sys_menu_role` VALUES ('440', '1002011', '4');
INSERT INTO `sys_menu_role` VALUES ('441', '1002012', '4');
INSERT INTO `sys_menu_role` VALUES ('442', '1002013', '4');
INSERT INTO `sys_menu_role` VALUES ('443', '1002014', '4');
INSERT INTO `sys_menu_role` VALUES ('444', '1002015', '4');
INSERT INTO `sys_menu_role` VALUES ('445', '1002016', '4');
INSERT INTO `sys_menu_role` VALUES ('446', '1002017', '4');
INSERT INTO `sys_menu_role` VALUES ('447', '1002018', '4');

-- ----------------------------
-- Table structure for sys_role
-- ----------------------------
DROP TABLE IF EXISTS `sys_role`;
CREATE TABLE `sys_role` (
  `id` int(50) NOT NULL AUTO_INCREMENT,
  `role_name` varchar(100) DEFAULT NULL COMMENT '角色名称',
  `remark` varchar(255) DEFAULT NULL COMMENT '备注',
  `status` tinyint(4) DEFAULT '0' COMMENT '状态',
  `create_time` datetime DEFAULT NULL COMMENT '创建时间',
  `role_type` tinyint(4) DEFAULT '1' COMMENT '角色类型 0系统角色  1其他角色',
  PRIMARY KEY (`id`)
) ENGINE=InnoDB AUTO_INCREMENT=8 DEFAULT CHARSET=utf8;

-- ----------------------------
-- Records of sys_role
-- ----------------------------
INSERT INTO `sys_role` VALUES ('1', '超级管理员', '超级管理员', '0', '2018-12-06 00:32:49', '0');
INSERT INTO `sys_role` VALUES ('2', '管理员', '管理员', '0', '2018-12-06 22:50:01', '1');
INSERT INTO `sys_role` VALUES ('3', '普通用户', '普通用户', '0', '2018-12-06 22:50:44', '1');
INSERT INTO `sys_role` VALUES ('4', '系统管理员', '系统管理员', '0', '2018-12-06 22:51:07', '0');
INSERT INTO `sys_role` VALUES ('5', '美女角色', '美女角色', '0', '2019-02-12 22:34:34', '1');
INSERT INTO `sys_role` VALUES ('6', '图书管理员', '图书管理员', '0', '2019-02-13 14:43:14', '1');
INSERT INTO `sys_role` VALUES ('7', '测试员', '', '0', '2019-04-01 22:25:51', '1');

-- ----------------------------
-- Table structure for sys_task
-- ----------------------------
DROP TABLE IF EXISTS `sys_task`;
CREATE TABLE `sys_task` (
  `id` bigint(20) NOT NULL AUTO_INCREMENT,
  `cron_expression` varchar(255) DEFAULT NULL COMMENT 'cron表达式',
  `method_name` varchar(255) DEFAULT NULL COMMENT '任务调用的方法名',
  `is_concurrent` varchar(255) DEFAULT NULL COMMENT '任务是否有状态',
  `description` varchar(255) DEFAULT NULL COMMENT '任务描述',
  `update_by` varchar(64) DEFAULT NULL COMMENT '更新者',
  `bean_class` varchar(255) DEFAULT NULL COMMENT '任务执行时调用哪个类的方法 包名+类名',
  `create_date` datetime DEFAULT NULL COMMENT '创建时间',
  `job_status` varchar(20) DEFAULT '1' COMMENT '任务状态',
  `job_group` varchar(20) DEFAULT NULL COMMENT '任务分组',
  `update_date` datetime DEFAULT NULL COMMENT '更新时间',
  `create_by` varchar(64) DEFAULT NULL COMMENT '创建者',
  `spring_bean` varchar(255) DEFAULT NULL COMMENT 'Spring bean',
  `job_name` varchar(255) DEFAULT NULL COMMENT '任务名',
  PRIMARY KEY (`id`)
) ENGINE=MyISAM AUTO_INCREMENT=15 DEFAULT CHARSET=utf8;

-- ----------------------------
-- Records of sys_task
-- ----------------------------
INSERT INTO `sys_task` VALUES ('10', '0 38 0 * * ? *', null, null, '', null, 'com.example.demo.modules.job.task.SyncBookDataTask', null, '1', 'group1', null, null, null, 'SyncBookDataTask');
INSERT INTO `sys_task` VALUES ('11', '0 30 0 1/1 * ? ', null, null, '每晚00:30更新', null, 'com.example.demo.modules.job.task.WelcomeJob', null, '1', 'group1', null, null, null, 'WelcomeJob');
INSERT INTO `sys_task` VALUES ('13', '0 0/30 * * * ? ', null, null, '每半小时获取一次', null, 'com.example.demo.modules.job.task.WeatherDataSyncTask', null, '1', 'group3', null, null, null, '获取天气数据接口');
INSERT INTO `sys_task` VALUES ('14', '0/2 * * * * ? ', null, null, '??', null, 'com.example.demo.modules.job.task.WeatherDataSyncTask', null, '0', 'group3', null, null, null, 'Weather');

-- ----------------------------
-- Table structure for sys_user
-- ----------------------------
DROP TABLE IF EXISTS `sys_user`;
CREATE TABLE `sys_user` (
  `id` int(100) NOT NULL AUTO_INCREMENT,
  `username` varchar(100) NOT NULL,
  `password` varchar(100) NOT NULL,
  `real_name` varchar(200) DEFAULT NULL,
  `status` int(8) NOT NULL DEFAULT '0' COMMENT '0启用，1停用',
  `create_time` timestamp NULL DEFAULT NULL ON UPDATE CURRENT_TIMESTAMP,
  `email` varchar(50) DEFAULT NULL,
  `phone` varchar(50) DEFAULT NULL,
  `sex` tinyint(2) DEFAULT '1' COMMENT '性别',
  `avatar` varchar(255) DEFAULT NULL,
  `birth` timestamp NULL DEFAULT NULL ON UPDATE CURRENT_TIMESTAMP COMMENT '出生日期',
  `address` varchar(255) DEFAULT NULL COMMENT '常用住址',
  `city` varchar(20) DEFAULT NULL COMMENT '城市',
  `constellation` varchar(20) DEFAULT NULL COMMENT '星座',
  `is_sys_user` varchar(2) DEFAULT NULL COMMENT '是否系统用户 0 是 1否  系统用户不可删除',
  PRIMARY KEY (`id`)
) ENGINE=InnoDB AUTO_INCREMENT=213 DEFAULT CHARSET=utf8;

-- ----------------------------
-- Records of sys_user
-- ----------------------------
INSERT INTO `sys_user` VALUES ('1', 'admin', 'UUKHSDDI5KPA43A8VL06V0TU2', '超级管理员', '0', '2019-03-28 00:30:33', '285688338@qq.com', '15566668888', '1', '1554130102422.png', '2019-03-28 00:30:33', '', '广州', '射手座','0');
INSERT INTO `sys_user` VALUES ('206', '钟巧丽', 'UUKHSDDI5KPA43A8VL06V0TU2', '钟巧丽', '0', '2019-03-27 15:41:22', '11341561111@qq.com', '18512345678', '0', null, '2019-03-27 15:41:22', '', '宁乡', '摩羯座','0');
INSERT INTO `sys_user` VALUES ('207', 'ceshi222', 'UUKHSDDI5KPA43A8VL06V0TU2', '测算', '0', '2019-02-12 13:18:35', '285688338@qq.com', '12320147121', '1', null, '2019-02-12 13:18:35', null, '广州', '白羊座','0');
INSERT INTO `sys_user` VALUES ('208', '钟勇军', 'UUKHSDDI5KPA43A8VL06V0TU2', '钟勇军', '0', '2019-02-12 13:18:36', '8888888@qq.com', '1111111111', '1', null, '2019-02-12 13:18:36', null, '宁乡', '摩羯座','0');
INSERT INTO `sys_user` VALUES ('209', '秦建平', 'UUKHSDDI5KPA43A8VL06V0TU2', '秦建平', '0', '2019-02-12 13:18:39', 'qjp_ncepu@126.com', '15650759006', '1', null, '2019-02-12 13:18:39', null, '广州', '射手座','0');
INSERT INTO `sys_user` VALUES ('210', 'sys_admin', 'UUKHSDDI5KPA43A8VL06V0TU2', '系统管理员', '0', '2019-03-27 15:40:29', '285688338@qq.com', '15575988888', '0', '1554130044840.png', '2019-03-27 15:40:29', '北京', '北京', '射手座','0');
INSERT INTO `sys_user` VALUES ('211', '邓俊辉', 'UUKHSDDI5KPA43A8VL06V0TU2', '邓俊辉', '0', '2019-04-01 22:25:24', '285688338@qq.com', '1111111111', '1', null, null, '东莞', '东莞', '狮子座','0');
INSERT INTO `sys_user` VALUES ('212', '张勇兵', 'UUKHSDDI5KPA43A8VL06V0TU2', '测试97957552720969732', '0', '2019-04-03 14:50:52', '285688338@qq.com', '15575946618', '0', null, '2019-04-03 14:50:52', '', '河北', '天秤座','0');

-- ----------------------------
-- Table structure for sys_user_role
-- ----------------------------
DROP TABLE IF EXISTS `sys_user_role`;
CREATE TABLE `sys_user_role` (
  `id` int(100) NOT NULL AUTO_INCREMENT,
  `user_id` int(11) DEFAULT NULL,
  `role_id` int(11) DEFAULT NULL,
  PRIMARY KEY (`id`)
) ENGINE=InnoDB AUTO_INCREMENT=119 DEFAULT CHARSET=utf8;

-- ----------------------------
-- Records of sys_user_role
-- ----------------------------
INSERT INTO `sys_user_role` VALUES ('1', '1', '1');
INSERT INTO `sys_user_role` VALUES ('27', '25', '3');
INSERT INTO `sys_user_role` VALUES ('28', '26', '3');
INSERT INTO `sys_user_role` VALUES ('29', '27', '3');
INSERT INTO `sys_user_role` VALUES ('30', '28', '3');
INSERT INTO `sys_user_role` VALUES ('31', '29', '3');
INSERT INTO `sys_user_role` VALUES ('32', '30', '3');
INSERT INTO `sys_user_role` VALUES ('33', '31', '3');
INSERT INTO `sys_user_role` VALUES ('34', '32', '3');
INSERT INTO `sys_user_role` VALUES ('35', '33', '3');
INSERT INTO `sys_user_role` VALUES ('36', '34', '3');
INSERT INTO `sys_user_role` VALUES ('37', '35', '3');
INSERT INTO `sys_user_role` VALUES ('38', '36', '3');
INSERT INTO `sys_user_role` VALUES ('39', '37', '3');
INSERT INTO `sys_user_role` VALUES ('40', '38', '3');
INSERT INTO `sys_user_role` VALUES ('41', '39', '3');
INSERT INTO `sys_user_role` VALUES ('42', '40', '3');
INSERT INTO `sys_user_role` VALUES ('43', '41', '3');
INSERT INTO `sys_user_role` VALUES ('44', '42', '3');
INSERT INTO `sys_user_role` VALUES ('76', '199', '1');
INSERT INTO `sys_user_role` VALUES ('81', '200', '4');
INSERT INTO `sys_user_role` VALUES ('83', '197', '4');
INSERT INTO `sys_user_role` VALUES ('93', '13', '2');
INSERT INTO `sys_user_role` VALUES ('94', '192', '4');
INSERT INTO `sys_user_role` VALUES ('95', '195', '2');
INSERT INTO `sys_user_role` VALUES ('96', '203', '2');
INSERT INTO `sys_user_role` VALUES ('98', '206', '5');
INSERT INTO `sys_user_role` VALUES ('99', '187', '3');
INSERT INTO `sys_user_role` VALUES ('100', '12', '3');
INSERT INTO `sys_user_role` VALUES ('101', '188', '3');
INSERT INTO `sys_user_role` VALUES ('102', '189', '3');
INSERT INTO `sys_user_role` VALUES ('103', '190', '3');
INSERT INTO `sys_user_role` VALUES ('104', '191', '3');
INSERT INTO `sys_user_role` VALUES ('105', '193', '3');
INSERT INTO `sys_user_role` VALUES ('106', '194', '3');
INSERT INTO `sys_user_role` VALUES ('107', '196', '3');
INSERT INTO `sys_user_role` VALUES ('108', '198', '3');
INSERT INTO `sys_user_role` VALUES ('109', '201', '3');
INSERT INTO `sys_user_role` VALUES ('110', '202', '3');
INSERT INTO `sys_user_role` VALUES ('111', '204', '3');
INSERT INTO `sys_user_role` VALUES ('112', '205', '3');
INSERT INTO `sys_user_role` VALUES ('113', '208', '6');
INSERT INTO `sys_user_role` VALUES ('114', '209', '1');
INSERT INTO `sys_user_role` VALUES ('116', '207', '1');
INSERT INTO `sys_user_role` VALUES ('117', '210', '4');
INSERT INTO `sys_user_role` VALUES ('118', '211', '7');
